season,fbref_player,age,birth_year,nation,position,squad,competition,player_id,tm_match_method,tm_match_score,source_file
2018_2019,Emmanuel Agyemang-Badu,27.0,1990,GHA,MF,Udinese,Serie A,,none,74,warehouse_2018
2018_2019,Alexander,29.0,1988,ARG,FW,Leganés,Liga,,none,75,warehouse_2018
2018_2019,Alfonso,18.0,1999,MOZ,MF,Hoffenheim,Bundesliga,,none,67,warehouse_2018
2018_2019,Allan,21.0,1997,BRA,MF,Eint Frankfurt,Bundesliga,385271,exact_name_birth_year,100,warehouse_2018
2018_2019,Júnior Alonso,25.0,1993,PAR,"DF,MF",Celta Vigo,Liga,273000,exact_name_birth_year,100,warehouse_2018
2018_2019,Amath,22.0,1996,SEN,MF,Getafe,Liga,,none,62,warehouse_2018
2018_2019,Luke Amos,21.0,1997,ENG,MF,Tottenham,Premier League,258912,exact_name_birth_year,100,warehouse_2018
2018_2019,Mauro Antonio Burruchaga,20.0,1998,ARG,MF,Chievo,Serie A,,none,80,warehouse_2018
2018_2019,Vitorino Antunes,31.0,1987,POR,"DF,MF",Getafe,Liga,,none,61,warehouse_2018
2018_2019,Nicolò Armini,17.0,2001,ITA,DF,Lazio,Serie A,421775,exact_name_birth_year,100,warehouse_2018
2018_2019,Ezequiel Ávila,24.0,1994,ARG,"FW,MF",Huesca,Liga,,none,69,warehouse_2018
2018_2019,Léo Baptistão,25.0,1992,BRA,"FW,MF",Espanyol,Liga,221899,exact_name_birth_year,100,warehouse_2018
2018_2019,Leandro Barreiro Martins,18.0,2000,LUX,MF,Mainz 05,Bundesliga,,none,80,warehouse_2018
2018_2019,Jóhann Berg Guðmundsson,27.0,1990,ISL,MF,Burnley,Premier League,,none,65,warehouse_2018
2018_2019,Emmanuel Boateng,22.0,1996,GHA,FW,Levante,Liga,332612,exact_name_birth_year,100,warehouse_2018
2018_2019,Gabriel Boschilia,22.0,1996,BRA,"FW,MF",Nantes,Ligue 1,,none,75,warehouse_2018
2018_2019,Bilal Boutobba,19.0,1998,FRA,"FW,MF",Montpellier,Ligue 1,344151,exact_name_birth_year,100,warehouse_2018
2018_2019,Pedro Brazão,15.0,2002,POR,"MF,FW",Nice,Ligue 1,577590,exact_name_birth_year,100,warehouse_2018
2018_2019,Gleison Bremer,21.0,1997,BRA,DF,Torino,Serie A,,none,73,warehouse_2018
2018_2019,Rafael Camacho,18.0,2000,POR,DF,Liverpool,Premier League,400831,exact_name_birth_year,100,warehouse_2018
2018_2019,Joel Campbell,26.0,1992,CRC,"FW,MF",Frosinone,Serie A,131248,exact_name_birth_year,100,warehouse_2018
2018_2019,Louis Carnot,17.0,2001,FRA,MF,Guingamp,Ligue 1,484991,exact_name_birth_year,100,warehouse_2018
2018_2019,Pape Cheikh Diop,20.0,1997,SEN,MF,Lyon,Ligue 1,,none,81,warehouse_2018
2018_2019,Tahith Chong,18.0,1999,NED,FW,Manchester Utd,Premier League,344830,exact_name_birth_year,100,warehouse_2018
2018_2019,Cucho,19.0,1999,COL,FW,Huesca,Liga,,none,67,warehouse_2018
2018_2019,Felipe dal Belo,34.0,1984,BRA,DF,SPAL,Serie A,,none,67,warehouse_2018
2018_2019,Matty Daly,17.0,2001,ENG,MF,Huddersfield,Premier League,566349,exact_name_birth_year,100,warehouse_2018
2018_2019,Jermain Defoe,35.0,1982,ENG,FW,Bournemouth,Premier League,3875,exact_name_birth_year,100,warehouse_2018
2018_2019,Mousa Dembélé,31.0,1987,BEL,MF,Tottenham,Premier League,19368,exact_name_birth_year,100,warehouse_2018
2018_2019,Mustapha Diallo,32.0,1986,SEN,MF,Nîmes,Ligue 1,41063,exact_name_birth_year,100,warehouse_2018
2018_2019,Lassana Diarra,33.0,1985,FRA,MF,Paris S-G,Ligue 1,23914,exact_name_birth_year,100,warehouse_2018
2018_2019,Tim Dierßen,22.0,1996,GER,MF,Hannover 96,Bundesliga,170516,exact_name_birth_year,100,warehouse_2018
2018_2019,Papakouli Diop,32.0,1986,SEN,MF,Eibar,Liga,,none,70,warehouse_2018
2018_2019,Johan Djourou,31.0,1987,SUI,DF,SPAL,Serie A,34561,exact_name_birth_year,100,warehouse_2018
2018_2019,Luke Dreher,19.0,1998,ENG,FW,Crystal Palace,Premier League,432293,exact_name_birth_year,100,warehouse_2018
2018_2019,Demeaco Duhaney,19.0,1998,ENG,DF,Huddersfield,Premier League,380913,exact_name_birth_year,100,warehouse_2018
2018_2019,Dennis Eckert,21.0,1997,GER,FW,Celta Vigo,Liga,,none,79,warehouse_2018
2018_2019,Harvey Elliott,15.0,2003,ENG,MF,Fulham,Premier League,565822,exact_name_birth_year,100,warehouse_2018
2018_2019,Emerson,19.0,1999,BRA,"FW,DF",Betis,Liga,687347,exact_name_birth_year,100,warehouse_2018
2018_2019,Felipe,31.0,1987,BRA,DF,Hannover 96,Bundesliga,,none,67,warehouse_2018
2018_2019,Ohis Felix Uduokhai,20.0,1997,GER,DF,Wolfsburg,Bundesliga,,none,85,warehouse_2018
2018_2019,Marouane Fellaini,30.0,1987,BEL,MF,Manchester Utd,Premier League,39679,exact_name_birth_year,100,warehouse_2018
2018_2019,Juan Ferney Otero,23.0,1995,COL,"FW,MF",Amiens,Ligue 1,,none,74,warehouse_2018
2018_2019,Wesley Fofana,17.0,2000,FRA,DF,Saint-Étienne,Ligue 1,475411,exact_name_birth_year,100,warehouse_2018
2018_2019,Idrissa Gana Gueye,28.0,1989,SEN,MF,Everton,Premier League,,none,84,warehouse_2018
2018_2019,Ganso,28.0,1989,BRA,"MF,FW",Amiens,Ligue 1,67920,exact_name_birth_year,100,warehouse_2018
2018_2019,James Garner,17.0,2001,ENG,MF,Manchester Utd,Premier League,505219,exact_name_birth_year,100,warehouse_2018
2018_2019,Angel Gomes,17.0,2000,ENG,"MF,FW",Manchester Utd,Premier League,392770,exact_name_birth_year,100,warehouse_2018
2018_2019,Prince-Désir Gouano,24.0,1993,FRA,DF,Amiens,Ligue 1,,none,81,warehouse_2018
2018_2019,Yoann Gourcuff,32.0,1986,FRA,"MF,FW",Dijon,Ligue 1,18912,exact_name_birth_year,100,warehouse_2018
2018_2019,Paolo Gozzi Iweru,17.0,2001,ITA,DF,Juventus,Serie A,,none,79,warehouse_2018
2018_2019,Mason Greenwood,16.0,2001,ENG,FW,Manchester Utd,Premier League,532826,exact_name_birth_year,100,warehouse_2018
2018_2019,Metehan Güçlü,19.0,1999,TUR,MF,Paris S-G,Ligue 1,395519,exact_name_birth_year,100,warehouse_2018
2018_2019,Aron Gunnarsson,29.0,1989,ISL,MF,Cardiff City,Premier League,63821,exact_name_birth_year,100,warehouse_2018
2018_2019,Hacen,20.0,1997,MTN,MF,Valladolid,Liga,,none,55,warehouse_2018
2018_2019,Marek Hamšík,31.0,1987,SVK,MF,Napoli,Serie A,38593,exact_name_birth_year,100,warehouse_2018
2018_2019,Dalbert Henrique,24.0,1993,BRA,DF,Inter,Serie A,,none,69,warehouse_2018
2018_2019,Uche Henry Agbo,22.0,1995,NGA,MF,Rayo Vallecano,Liga,,none,75,warehouse_2018
2018_2019,Javier Hernández,30.0,1988,MEX,FW,West Ham,Premier League,,none,71,warehouse_2018
2018_2019,Vitorino Hilton,40.0,1977,BRA,DF,Montpellier,Ligue 1,,none,57,warehouse_2018
2018_2019,José Holebas,34.0,1984,GRE,DF,Watford,Premier League,,none,88,warehouse_2018
2018_2019,Pierre Højbjerg,22.0,1995,DEN,MF,Southampton,Premier League,,none,83,warehouse_2018
2018_2019,Didier Ibrahim Ndong,24.0,1994,GAB,MF,Guingamp,Ligue 1,,none,75,warehouse_2018
2018_2019,Wilson Isidor,17.0,2000,FRA,FW,Monaco,Ligue 1,494237,exact_name_birth_year,100,warehouse_2018
2018_2019,Gian-Luca Itter,19.0,1999,GER,DF,Wolfsburg,Bundesliga,,none,80,warehouse_2018
2018_2019,Assil Jaziri,18.0,1999,TUN,FW,Nice,Ligue 1,633398,exact_name_birth_year,100,warehouse_2018
2018_2019,Ben Johnson,18.0,2000,ENG,DF,West Ham,Premier League,468002,exact_name_birth_year,100,warehouse_2018
2018_2019,Tyreke Johnson,19.0,1998,ENG,MF,Southampton,Premier League,404586,exact_name_birth_year,100,warehouse_2018
2018_2019,Hamed Junior Traorè,18.0,2000,CIV,MF,Empoli,Serie A,,none,77,warehouse_2018
2018_2019,Mathias Jørgensen,28.0,1990,DEN,DF,Huddersfield,Premier League,,none,60,warehouse_2018
2018_2019,Ibrahim Karamoko,17.0,2001,FRA,MF,Chievo,Serie A,538072,exact_name_birth_year,100,warehouse_2018
2018_2019,Max Kilman,21.0,1997,ENG,DF,Wolves,Premier League,,none,74,warehouse_2018
2018_2019,Manu Koné,17.0,2001,FRA,MF,Toulouse,Ligue 1,624690,exact_name_birth_year,100,warehouse_2018
2018_2019,Abdou Lahat Diakhate,19.0,1998,SEN,MF,Parma,Serie A,,none,82,warehouse_2018
2018_2019,Mohamed Lamine Diaby,17.0,2001,FRA,FW,Nice,Ligue 1,,none,72,warehouse_2018
2018_2019,Danilo Larangeira,34.0,1984,BRA,DF,Bologna,Serie A,,none,58,warehouse_2018
2018_2019,Miguel Layún,30.0,1988,MEX,"MF,DF",Villarreal,Liga,58576,exact_name_birth_year,100,warehouse_2018
2018_2019,Stephan Lichtsteiner,34.0,1984,SUI,DF,Arsenal,Premier League,2865,exact_name_birth_year,100,warehouse_2018
2018_2019,Gabriel Magalhães,20.0,1997,BRA,DF,Lille,Ligue 1,,none,69,warehouse_2018
2018_2019,Abdul Majeed Waris,26.0,1991,GHA,"FW,MF",Nantes,Ligue 1,,none,80,warehouse_2018
2018_2019,Kostas Manolas,27.0,1991,GRE,DF,Roma,Serie A,,none,82,warehouse_2018
2018_2019,Juan Manuel Valencia,20.0,1998,COL,FW,Bologna,Serie A,,none,79,warehouse_2018
2018_2019,Fernando Marçal,29.0,1989,BRA,DF,Lyon,Ligue 1,,none,69,warehouse_2018
2018_2019,Mariano,24.0,1993,DOM,FW,Real Madrid,Liga,,none,74,warehouse_2018
2018_2019,Mariano,24.0,1993,DOM,FW,Lyon,Ligue 1,,none,74,warehouse_2018
2018_2019,Han-Noah Massengo,17.0,2001,FRA,MF,Monaco,Ligue 1,536508,exact_name_birth_year,100,warehouse_2018
2018_2019,Stéphane Mbia,32.0,1986,CMR,"DF,MF",Toulouse,Ligue 1,27470,exact_name_birth_year,100,warehouse_2018
2018_2019,Nicky Medja,18.0,2000,SUI,"FW,MF",Fiorentina,Serie A,,none,61,warehouse_2018
2018_2019,Memphis,24.0,1994,NED,"FW,MF",Lyon,Ligue 1,,none,70,warehouse_2018
2018_2019,Kostas Mitroglou,30.0,1988,GRE,FW,Marseille,Ligue 1,,none,84,warehouse_2018
2018_2019,Herman Moussaki,19.0,1999,FRA,"MF,FW",Caen,Ligue 1,593319,exact_name_birth_year,100,warehouse_2018
2018_2019,Ndombe Mubele,24.0,1994,COD,FW,Toulouse,Ligue 1,,none,52,warehouse_2018
2018_2019,Obite N'Dicka,18.0,1999,CIV,DF,Eint Frankfurt,Bundesliga,,none,62,warehouse_2018
2018_2019,Nathan N'Goumou,18.0,2000,FRA,FW,Toulouse,Ligue 1,,none,67,warehouse_2018
2018_2019,Angelo Ndrecka,16.0,2001,ALB,DF,Chievo,Serie A,539220,exact_name_birth_year,100,warehouse_2018
2018_2019,Nicolas Nkoulou,28.0,1990,CMR,DF,Torino,Serie A,,none,64,warehouse_2018
2018_2019,Will Norris,24.0,1993,ENG,GK,Wolves,Premier League,285033,exact_name_birth_year,100,warehouse_2018
2018_2019,Kasim Nuhu,23.0,1995,GHA,DF,Hoffenheim,Bundesliga,,none,56,warehouse_2018
2018_2019,Hans Nunoo Sarpei,19.0,1998,GHA,"FW,MF",Stuttgart,Bundesliga,,none,83,warehouse_2018
2018_2019,Shinji Okazaki,32.0,1986,JPN,"MF,FW",Leicester City,Premier League,,none,56,warehouse_2018
2018_2019,Federico Palacios Martínez,23.0,1995,GER,"MF,FW",Nürnberg,Bundesliga,,none,79,warehouse_2018
2018_2019,Emerson Palmieri,23.0,1994,ITA,DF,Chelsea,Premier League,,none,65,warehouse_2018
2018_2019,Elhadji Pape Diaw,23.0,1994,SEN,DF,Angers,Ligue 1,,none,55,warehouse_2018
2018_2019,Jordan Pefok,22.0,1996,USA,FW,Rennes,Ligue 1,,none,73,warehouse_2018
2018_2019,Maxime Pélican,20.0,1998,FRA,"FW,MF",Nice,Ligue 1,344158,exact_name_birth_year,100,warehouse_2018
2018_2019,Andy Pelmard,18.0,2000,FRA,DF,Nice,Ligue 1,494236,exact_name_birth_year,100,warehouse_2018
2018_2019,Pepín,21.0,1996,EQG,MF,Parma,Serie A,,none,89,warehouse_2018
2018_2019,Roberto Piccoli,17.0,2001,ITA,"FW,MF",Atalanta,Serie A,432092,exact_name_birth_year,100,warehouse_2018
2018_2019,Virgile Pinson,22.0,1996,FRA,MF,Reims,Ligue 1,389441,exact_name_birth_year,100,warehouse_2018
2018_2019,Baba Rahman,24.0,1994,GHA,DF,Reims,Ligue 1,,none,79,warehouse_2018
2018_2019,Baba Rahman,24.0,1994,GHA,DF,Schalke 04,Bundesliga,,none,79,warehouse_2018
2018_2019,Kayne Ramsey,17.0,2000,ENG,DF,Southampton,Premier League,530879,fuzzy_name_birth_year,92,warehouse_2018
2018_2019,Aday,30.0,1987,ESP,"DF,MF",Girona,Liga,,none,50,warehouse_2018
2018_2019,Ali Adnan Kadhim,24.0,1993,IRQ,DF,Atalanta,Serie A,,none,72,warehouse_2018
2018_2019,José Ángel,28.0,1989,ESP,DF,Eibar,Liga,160182,exact_name_birth_year,100,warehouse_2018
2018_2019,José Arnaiz,23.0,1995,ESP,"MF,FW",Leganés,Liga,,none,76,warehouse_2018
2018_2019,Alejandro Blanco,19.0,1998,ESP,"FW,MF",Alavés,Liga,,none,80,warehouse_2018
2018_2019,Bruno,37.0,1980,ESP,DF,Brighton,Premier League,,none,67,warehouse_2018
2018_2019,Jonny Castro,24.0,1994,ESP,"DF,MF",Wolves,Premier League,,none,62,warehouse_2018
2018_2019,Catena,23.0,1994,ESP,DF,Rayo Vallecano,Liga,,none,60,warehouse_2018
2018_2019,Petr Čech,36.0,1982,CZE,GK,Arsenal,Premier League,5658,exact_name_birth_year,100,warehouse_2018
2018_2019,Chechu,36.0,1982,ESP,DF,Rayo Vallecano,Liga,,none,63,warehouse_2018
2018_2019,Chema,26.0,1992,ESP,DF,Levante,Liga,,none,60,warehouse_2018
2018_2019,Moisés Delgado,24.0,1994,ESP,DF,Valladolid,Liga,,none,88,warehouse_2018
2018_2019,Djené,26.0,1991,TOG,DF,Getafe,Liga,,none,56,warehouse_2018
2018_2019,Fabricio,30.0,1987,ESP,GK,Fulham,Premier League,,none,77,warehouse_2018
2018_2019,Álex Gálvez,29.0,1989,ESP,DF,Rayo Vallecano,Liga,,none,74,warehouse_2018
2018_2019,Raúl García,29.0,1989,ESP,DF,Leganés,Liga,,none,67,warehouse_2018
2018_2019,Raúl García,29.0,1989,ESP,DF,Girona,Liga,,none,67,warehouse_2018
2018_2019,Cristo González,20.0,1997,ESP,FW,Real Madrid,Liga,,none,80,warehouse_2018
2018_2019,Ivi,24.0,1994,ESP,"MF,FW",Valladolid,Liga,,none,57,warehouse_2018
2018_2019,Jason,24.0,1994,ESP,"DF,FW",Levante,Liga,,none,75,warehouse_2018
2018_2019,Jozabed,27.0,1991,ESP,MF,Celta Vigo,Liga,,none,64,warehouse_2018
2018_2019,Miguel Juan Llambrich,22.0,1996,ESP,"DF,FW",Villarreal,Liga,,none,86,warehouse_2018
2018_2019,Juanfran,29.0,1988,ESP,"DF,FW",Leganés,Liga,,none,70,warehouse_2018
2018_2019,Juanfran,33.0,1985,ESP,DF,Atlético Madrid,Liga,,none,70,warehouse_2018
2018_2019,Keko,26.0,1991,ESP,"MF,FW",Valladolid,Liga,,none,53,warehouse_2018
2018_2019,Kiké,28.0,1989,ESP,FW,Eibar,Liga,,none,53,warehouse_2018
2018_2019,Pedro López Muñoz,34.0,1983,ESP,DF,Levante,Liga,,none,79,warehouse_2018
2018_2019,Anthony Lozano,25.0,1993,HON,"FW,MF",Girona,Liga,,none,74,warehouse_2018
2018_2019,José Luis Gayà,23.0,1995,ESP,DF,Valencia,Liga,,none,78,warehouse_2018
2018_2019,Míchel,30.0,1988,ESP,MF,Valladolid,Liga,,none,67,warehouse_2018
2018_2019,Miguel,18.0,1999,ESP,FW,Valladolid,Liga,,none,71,warehouse_2018
2018_2019,Francisco Montero,19.0,1999,ESP,DF,Atlético Madrid,Liga,,none,85,warehouse_2018
2018_2019,Cristóbal Montiel,18.0,2000,ESP,FW,Fiorentina,Serie A,,none,65,warehouse_2018
2018_2019,Sergio Moreno,19.0,1999,ESP,FW,Rayo Vallecano,Liga,607779,exact_name_birth_year,100,warehouse_2018
2018_2019,Nacho,29.0,1989,ESP,DF,Valladolid,Liga,,none,53,warehouse_2018
2018_2019,Nacho,28.0,1990,ESP,DF,Real Madrid,Liga,,none,50,warehouse_2018
2018_2019,Tomás Pina Isla,30.0,1987,ESP,MF,Alavés,Liga,,none,80,warehouse_2018
2018_2019,Łukasz Piszczek,33.0,1985,POL,DF,Dortmund,Bundesliga,,none,60,warehouse_2018
2018_2019,Bobby Reid,25.0,1993,JAM,"FW,MF",Cardiff City,Premier League,,none,70,warehouse_2018
2018_2019,Aaron Rowe,17.0,2000,ENG,FW,Huddersfield,Premier League,657994,exact_name_birth_year,100,warehouse_2018
2018_2019,Frederik Rønnow,25.0,1992,DEN,GK,Eint Frankfurt,Bundesliga,,none,87,warehouse_2018
2018_2019,Bukayo Saka,16.0,2001,ENG,FW,Arsenal,Premier League,433177,exact_name_birth_year,100,warehouse_2018
2018_2019,Emiliano Sala,27.0,1990,ARG,FW,Nantes,Ligue 1,190780,exact_name_birth_year,100,warehouse_2018
2018_2019,Carlos Salcedo,24.0,1993,MEX,DF,Eint Frankfurt,Bundesliga,256866,exact_name_birth_year,100,warehouse_2018
2018_2019,Samir Santos,23.0,1994,BRA,DF,Udinese,Serie A,,none,78,warehouse_2018
2018_2019,Julian Schieber,29.0,1989,GER,FW,Augsburg,Bundesliga,,none,62,warehouse_2018
2018_2019,Jean Seri,27.0,1991,CIV,MF,Fulham,Premier League,,none,69,warehouse_2018
2018_2019,Matheus Pereira da Silva,20.0,1998,BRA,MF,Juventus,Serie A,,none,77,warehouse_2018
2018_2019,Xande Silva,21.0,1997,POR,FW,West Ham,Premier League,258011,exact_name_birth_year,100,warehouse_2018
2018_2019,Giovanni Sio,29.0,1989,CIV,FW,Montpellier,Ligue 1,76293,exact_name_birth_year,100,warehouse_2018
2018_2019,Callum Slattery,19.0,1999,ENG,MF,Southampton,Premier League,332342,exact_name_birth_year,100,warehouse_2018
2018_2019,Julián Speroni,39.0,1979,ARG,GK,Crystal Palace,Premier League,12814,exact_name_birth_year,100,warehouse_2018
2018_2019,Kostas Stafylidis,24.0,1993,GRE,DF,Augsburg,Bundesliga,,none,85,warehouse_2018
2018_2019,Jens Stryger Larsen,27.0,1991,DEN,DF,Udinese,Serie A,,none,77,warehouse_2018
2018_2019,Leonardo Suárez,22.0,1996,ARG,"FW,MF",Valladolid,Liga,,none,80,warehouse_2018
2018_2019,Sam Surridge,20.0,1998,ENG,"MF,FW",Bournemouth,Premier League,398402,exact_name_birth_year,100,warehouse_2018
2018_2019,Eddy Sylvestre,18.0,1999,FRA,"FW,MF",Nice,Ligue 1,629566,exact_name_birth_year,100,warehouse_2018
2018_2019,Timmy Tillman,19.0,1999,GER,"FW,MF",Nürnberg,Bundesliga,,none,86,warehouse_2018
2018_2019,Driss Trichard,23.0,1995,FRA,DF,Bordeaux,Ligue 1,290595,exact_name_birth_year,100,warehouse_2018
2018_2019,Freddie Veseli,25.0,1992,ALB,DF,Empoli,Serie A,,none,83,warehouse_2018
2018_2019,Felipe Vizeu,21.0,1997,BRA,"FW,DF",Udinese,Serie A,425462,exact_name_birth_year,100,warehouse_2018
2018_2019,Paul Wade,18.0,2000,FRA,MF,Nice,Ligue 1,696851,exact_name_birth_year,100,warehouse_2018
2018_2019,Sandro Wagner,30.0,1987,GER,FW,Bayern Munich,Bundesliga,39743,exact_name_birth_year,100,warehouse_2018
2018_2019,Wakaso,28.0,1990,GHA,MF,Alavés,Liga,,none,60,warehouse_2018
2018_2019,Danny Ward,26.0,1991,ENG,FW,Cardiff City,Premier League,,none,73,warehouse_2018
2018_2019,Joe Willock,18.0,1999,ENG,"MF,FW",Arsenal,Premier League,340329,exact_name_birth_year,100,warehouse_2018
2018_2019,Andre-Frank Zambo Anguissa,22.0,1995,CMR,MF,Fulham,Premier League,,none,70,warehouse_2018
2018_2019,Rober,23.0,1995,ESP,DF,Levante,Liga,,none,67,warehouse_2018
2018_2019,Óscar Rodríguez Arnaiz,20.0,1998,ESP,MF,Leganés,Liga,,none,81,warehouse_2018
2018_2019,Fabián Ruiz Peña,22.0,1996,ESP,MF,Napoli,Serie A,,none,81,warehouse_2018
2018_2019,Ole Selnæs,24.0,1994,NOR,MF,Saint-Étienne,Ligue 1,175961,exact_name_birth_year,100,warehouse_2018
2018_2019,Łukasz Skorupski,27.0,1991,POL,GK,Bologna,Serie A,,none,58,warehouse_2018
2018_2019,Łukasz Teodorczyk,27.0,1991,POL,FW,Udinese,Serie A,,none,61,warehouse_2018
2018_2019,Toño,28.0,1989,ESP,"DF,FW",Levante,Liga,,none,60,warehouse_2018
2018_2019,Yoel,29.0,1988,ESP,GK,Valladolid,Liga,,none,46,warehouse_2018
2018_2019,Filip Đorđević,30.0,1987,SRB,FW,Chievo,Serie A,,none,69,warehouse_2018
2018_2019,Filip Đuričić,26.0,1992,SRB,"FW,MF",Sassuolo,Serie A,,none,69,warehouse_2018
2018_2019,Kévin Rimane,27.0,1991,GUF,MF,Paris S-G,Ligue 1,93751,exact_name_birth_year,100,warehouse_2018
2018_2019,Stanley Segarel,24.0,1994,SMN,FW,Amiens,Ligue 1,283135,exact_name_birth_year,100,warehouse_2018
2019_2020,Emmanuel Agyemang-Badu,28.0,1990,GHA,MF,Hellas Verona,Serie A,,none,74,warehouse_2019
2019_2020,Amath,23.0,1996,SEN,MF,Getafe,Liga,,none,62,warehouse_2019
2019_2020,Opoku Ampomah,23.0,1996,GHA,"FW,MF",Düsseldorf,Bundesliga,,none,64,warehouse_2019
2019_2020,Faustino Anjorin,17.0,2001,ENG,FW,Chelsea,Premier League,,none,86,warehouse_2019
2019_2020,Vitorino Antunes,32.0,1987,POR,MF,Getafe,Liga,,none,61,warehouse_2019
2019_2020,Ezequiel Ávila,25.0,1994,ARG,FW,Osasuna,Liga,,none,69,warehouse_2019
2019_2020,Leandro Barreiro Martins,19.0,2000,LUX,MF,Mainz 05,Bundesliga,,none,80,warehouse_2019
2019_2020,Gil Bastião Dias,22.0,1996,POR,"MF,DF",Granada,Liga,,none,67,warehouse_2019
2019_2020,Gil Bastião Dias,22.0,1996,POR,"DF,MF",Monaco,Ligue 1,,none,67,warehouse_2019
2019_2020,Jóhann Berg Guðmundsson,28.0,1990,ISL,MF,Burnley,Premier League,,none,65,warehouse_2019
2019_2020,Gabriel Boschilia,23.0,1996,BRA,"MF,FW",Monaco,Ligue 1,,none,75,warehouse_2019
2019_2020,Gleison Bremer,22.0,1997,BRA,DF,Torino,Serie A,,none,73,warehouse_2019
2019_2020,Yan Brice Eteki,21.0,1997,CMR,MF,Granada,Liga,,none,75,warehouse_2019
2019_2020,Emi Buendía,22.0,1996,ARG,"FW,MF",Norwich City,Premier League,,none,81,warehouse_2019
2019_2020,Christian Celesia,17.0,2002,ITA,DF,Torino,Serie A,562287,exact_name_birth_year,100,warehouse_2019
2019_2020,Julian Chabot,21.0,1998,GER,DF,Sampdoria,Serie A,,none,77,warehouse_2019
2019_2020,Pape Cheikh Diop,21.0,1997,SEN,MF,Celta Vigo,Liga,,none,81,warehouse_2019
2019_2020,Edmilson Correia,19.0,2000,GNB,"FW,DF",Saint-Étienne,Ligue 1,728311,exact_name_birth_year,100,warehouse_2019
2019_2020,Angelo da Costa Júnior,35.0,1983,BRA,GK,Bologna,Serie A,,none,81,warehouse_2019
2019_2020,Cucho,20.0,1999,COL,"FW,MF",Mallorca,Liga,,none,67,warehouse_2019
2019_2020,Lennart-Marten Czyborra,20.0,1999,GER,DF,Atalanta,Serie A,,none,82,warehouse_2019
2019_2020,Moanes Dabbur,27.0,1992,ISR,FW,Sevilla,Liga,,none,80,warehouse_2019
2019_2020,Moanes Dabbur,27.0,1992,ISR,FW,Hoffenheim,Bundesliga,,none,80,warehouse_2019
2019_2020,Felipe dal Belo,35.0,1984,BRA,DF,SPAL,Serie A,,none,67,warehouse_2019
2019_2020,Papakouli Diop,33.0,1986,SEN,MF,Eibar,Liga,,none,70,warehouse_2019
2019_2020,Emerson,20.0,1999,BRA,DF,Betis,Liga,687347,exact_name_birth_year,100,warehouse_2019
2019_2020,Oghenekaro Etebo,23.0,1995,NGA,MF,Getafe,Liga,,none,67,warehouse_2019
2019_2020,Ohis Felix Uduokhai,21.0,1997,GER,DF,Augsburg,Bundesliga,,none,85,warehouse_2019
2019_2020,Juan Ferney Otero,24.0,1995,COL,"FW,MF",Amiens,Ligue 1,,none,74,warehouse_2019
2019_2020,Hernâni Fortes,27.0,1991,POR,"MF,FW",Levante,Liga,,none,67,warehouse_2019
2019_2020,Nicolás Gaitán,31.0,1988,ARG,"MF,FW",Lille,Ligue 1,,none,88,warehouse_2019
2019_2020,Idrissa Gana Gueye,29.0,1989,SEN,MF,Paris S-G,Ligue 1,,none,84,warehouse_2019
2019_2020,Dwight Gayle,28.0,1990,ENG,FW,Newcastle Utd,Premier League,,none,52,warehouse_2019
2019_2020,Prince-Désir Gouano,25.0,1993,FRA,DF,Amiens,Ligue 1,,none,81,warehouse_2019
2019_2020,Dalbert Henrique,25.0,1993,BRA,"DF,MF",Fiorentina,Serie A,,none,69,warehouse_2019
2019_2020,Javier Hernández,31.0,1988,MEX,FW,West Ham,Premier League,,none,71,warehouse_2019
2019_2020,Javier Hernández,31.0,1988,MEX,FW,Sevilla,Liga,,none,71,warehouse_2019
2019_2020,Vitorino Hilton,41.0,1977,BRA,DF,Montpellier,Ligue 1,,none,57,warehouse_2019
2019_2020,José Holebas,35.0,1984,GRE,DF,Watford,Premier League,,none,88,warehouse_2019
2019_2020,Nathan Holland,21.0,1998,ENG,MF,West Ham,Premier League,337321,exact_name_birth_year,100,warehouse_2019
2019_2020,Pierre Højbjerg,23.0,1995,DEN,MF,Southampton,Premier League,,none,83,warehouse_2019
2019_2020,Didier Ibrahim Ndong,25.0,1994,GAB,MF,Dijon,Ligue 1,,none,75,warehouse_2019
2019_2020,Igor,21.0,1998,BRA,DF,SPAL,Serie A,,none,57,warehouse_2019
2019_2020,Igor,21.0,1998,BRA,DF,Fiorentina,Serie A,,none,57,warehouse_2019
2019_2020,Gian-Luca Itter,20.0,1999,GER,"DF,MF",Freiburg,Bundesliga,,none,80,warehouse_2019
2019_2020,Hamed Junior Traorè,19.0,2000,CIV,"MF,FW",Sassuolo,Serie A,,none,77,warehouse_2019
2019_2020,Mathias Jørgensen,29.0,1990,DEN,DF,Düsseldorf,Bundesliga,,none,60,warehouse_2019
2019_2020,Max Kilman,22.0,1997,ENG,DF,Wolves,Premier League,,none,74,warehouse_2019
2019_2020,Danilo Larangeira,35.0,1984,BRA,DF,Bologna,Serie A,,none,58,warehouse_2019
2019_2020,Adrien Lebeau,20.0,1999,FRA,"MF,FW",Strasbourg,Ligue 1,395674,exact_name_birth_year,100,warehouse_2019
2019_2020,Anderson Lima,19.0,1999,BRA,"MF,DF",Lazio,Serie A,,none,76,warehouse_2019
2019_2020,Matthew Longstaff,19.0,2000,ENG,MF,Newcastle Utd,Premier League,,none,88,warehouse_2019
2019_2020,Gabriel Magalhães,21.0,1997,BRA,DF,Lille,Ligue 1,,none,69,warehouse_2019
2019_2020,Abdul Majeed Waris,27.0,1991,GHA,FW,Strasbourg,Ligue 1,,none,80,warehouse_2019
2019_2020,Hianga Mananga Mbock,19.0,1999,FRA,MF,Brest,Ligue 1,,none,71,warehouse_2019
2019_2020,Kostas Manolas,28.0,1991,GRE,DF,Napoli,Serie A,,none,82,warehouse_2019
2019_2020,Fernando Marçal,30.0,1989,BRA,DF,Lyon,Ligue 1,,none,69,warehouse_2019
2019_2020,Mariano,25.0,1993,DOM,"FW,MF",Real Madrid,Liga,,none,74,warehouse_2019
2019_2020,Oliver McBurnie,23.0,1996,SCO,FW,Sheffield Utd,Premier League,,none,89,warehouse_2019
2019_2020,Memphis,25.0,1994,NED,"FW,MF",Lyon,Ligue 1,,none,70,warehouse_2019
2019_2020,Yıldırım Mert Çetin,22.0,1997,TUR,DF,Roma,Serie A,,none,69,warehouse_2019
2019_2020,Obite N'Dicka,19.0,1999,CIV,DF,Eint Frankfurt,Bundesliga,,none,62,warehouse_2019
2019_2020,Nathan N'Goumou,19.0,2000,FRA,FW,Toulouse,Ligue 1,,none,67,warehouse_2019
2019_2020,Michel Ndary Adopo,19.0,2000,FRA,"DF,MF",Torino,Serie A,,none,80,warehouse_2019
2019_2020,Nicolas Nkoulou,29.0,1990,CMR,DF,Torino,Serie A,,none,64,warehouse_2019
2019_2020,Kasim Nuhu,24.0,1995,GHA,DF,Düsseldorf,Bundesliga,,none,56,warehouse_2019
2019_2020,Kwasi Okyere Wriedt,25.0,1994,GHA,FW,Bayern Munich,Bundesliga,,none,77,warehouse_2019
2019_2020,Cauly Oliveira Souza,23.0,1995,BRA,"MF,FW",Paderborn 07,Bundesliga,,none,58,warehouse_2019
2019_2020,Emerson Palmieri,24.0,1994,ITA,DF,Chelsea,Premier League,,none,65,warehouse_2019
2019_2020,Jordan Pefok,23.0,1996,USA,FW,Rennes,Ligue 1,,none,73,warehouse_2019
2019_2020,Stefano Piccinini,16.0,2002,ITA,DF,Sassuolo,Serie A,602607,exact_name_birth_year,100,warehouse_2019
2019_2020,Adrián,32.0,1987,ESP,GK,Liverpool,Premier League,,none,67,warehouse_2019
2019_2020,José Arnaiz,24.0,1995,ESP,"FW,MF",Osasuna,Liga,,none,76,warehouse_2019
2019_2020,José Arnaiz,24.0,1995,ESP,MF,Leganés,Liga,,none,76,warehouse_2019
2019_2020,Miguel Atienza,20.0,1999,ESP,MF,Eibar,Liga,480955,exact_name_birth_year,100,warehouse_2019
2019_2020,Alejandro Blesa,17.0,2002,ESP,MF,Levante,Liga,,none,79,warehouse_2019
2019_2020,Brandon,24.0,1995,ESP,FW,Osasuna,Liga,,none,78,warehouse_2019
2019_2020,Jonny Castro,25.0,1994,ESP,"MF,DF",Wolves,Premier League,,none,62,warehouse_2019
2019_2020,Chema,27.0,1992,ESP,DF,Getafe,Liga,,none,60,warehouse_2019
2019_2020,Churripi,25.0,1994,ESP,GK,Valladolid,Liga,,none,55,warehouse_2019
2019_2020,Antonio Cortés,19.0,2000,ESP,"FW,MF",Granada,Liga,,none,81,warehouse_2019
2019_2020,Djené,27.0,1991,TOG,DF,Getafe,Liga,,none,56,warehouse_2019
2019_2020,Fabricio,31.0,1987,ESP,GK,Mallorca,Liga,,none,77,warehouse_2019
2019_2020,Raúl García,30.0,1989,ESP,"DF,MF",Valladolid,Liga,,none,67,warehouse_2019
2019_2020,Raúl García,30.0,1989,ESP,DF,Getafe,Liga,,none,67,warehouse_2019
2019_2020,Gonzalo,22.0,1997,ESP,DF,Levante,Liga,,none,67,warehouse_2019
2019_2020,Jakub Iskra,16.0,2002,POL,DF,SPAL,Serie A,498043,exact_name_birth_year,100,warehouse_2019
2019_2020,Ismael,18.0,2000,ESP,MF,Betis,Liga,,none,67,warehouse_2019
2019_2020,Jacobo,22.0,1997,ESP,"DF,MF",Celta Vigo,Liga,,none,60,warehouse_2019
2019_2020,Jason,25.0,1994,ESP,MF,Getafe,Liga,,none,75,warehouse_2019
2019_2020,Jota,28.0,1991,ESP,"FW,MF",Aston Villa,Premier League,,none,67,warehouse_2019
2019_2020,Kiké,29.0,1989,ESP,FW,Eibar,Liga,,none,53,warehouse_2019
2019_2020,Larra,21.0,1997,ESP,"FW,MF",Athletic Club,Liga,,none,59,warehouse_2019
2019_2020,Lillo,30.0,1989,ESP,DF,Osasuna,Liga,,none,60,warehouse_2019
2019_2020,José Luis Gayà,24.0,1995,ESP,DF,Valencia,Liga,,none,78,warehouse_2019
2019_2020,Míchel,31.0,1988,ESP,MF,Valladolid,Liga,,none,67,warehouse_2019
2019_2020,Miguel,19.0,1999,ESP,FW,Valladolid,Liga,,none,71,warehouse_2019
2019_2020,Raúl Moro,16.0,2002,ESP,FW,Lazio,Serie A,624942,exact_name_birth_year,100,warehouse_2019
2019_2020,Nacho,30.0,1989,ESP,DF,Valladolid,Liga,,none,53,warehouse_2019
2019_2020,Nacho,29.0,1990,ESP,DF,Real Madrid,Liga,,none,50,warehouse_2019
2019_2020,Fernando Niño,18.0,2000,ESP,FW,Villarreal,Liga,,none,76,warehouse_2019
2019_2020,Rafel Obrador,15.0,2004,ESP,DF,Mallorca,Liga,,none,88,warehouse_2019
2019_2020,Tomás Pina Isla,31.0,1987,ESP,MF,Alavés,Liga,,none,80,warehouse_2019
2019_2020,Łukasz Piszczek,34.0,1985,POL,DF,Dortmund,Bundesliga,,none,60,warehouse_2019
2019_2020,Alejandro Pozo Pozo,20.0,1999,ESP,DF,Mallorca,Liga,,none,65,warehouse_2019
2019_2020,Alejandro Pozo Pozo,20.0,1999,ESP,"MF,FW",Sevilla,Liga,,none,65,warehouse_2019
2019_2020,Quique,29.0,1990,ESP,"FW,MF",Eibar,Liga,,none,57,warehouse_2019
2019_2020,Baba Rahman,25.0,1994,GHA,DF,Mallorca,Liga,,none,79,warehouse_2019
2019_2020,Gio Reyna,16.0,2002,USA,"MF,FW",Dortmund,Bundesliga,,none,78,warehouse_2019
2019_2020,Frederik Rønnow,26.0,1992,DEN,GK,Eint Frankfurt,Bundesliga,,none,87,warehouse_2019
2019_2020,Mbwana Samatta,26.0,1992,TAN,FW,Aston Villa,Premier League,,none,69,warehouse_2019
2019_2020,Mama Samba Baldé,23.0,1995,GNB,"FW,MF",Dijon,Ligue 1,,none,77,warehouse_2019
2019_2020,Samir Santos,24.0,1994,BRA,DF,Udinese,Serie A,,none,78,warehouse_2019
2019_2020,Julian Schieber,30.0,1989,GER,FW,Augsburg,Bundesliga,,none,62,warehouse_2019
2019_2020,Matheus Pereira da Silva,21.0,1998,BRA,"MF,FW",Dijon,Ligue 1,,none,77,warehouse_2019
2019_2020,Fyodor Smolov,29.0,1990,RUS,FW,Celta Vigo,Liga,,none,88,warehouse_2019
2019_2020,Jerry St. Juste,22.0,1996,NED,DF,Mainz 05,Bundesliga,,none,77,warehouse_2019
2019_2020,Kostas Stafylidis,25.0,1993,GRE,DF,Hoffenheim,Bundesliga,,none,85,warehouse_2019
2019_2020,Jens Stryger Larsen,28.0,1991,DEN,DF,Udinese,Serie A,,none,77,warehouse_2019
2019_2020,Jordan Thomas,18.0,2001,ENG,FW,Norwich City,Premier League,563306,exact_name_birth_year,100,warehouse_2019
2019_2020,Max Thompson,17.0,2002,ENG,FW,Burnley,Premier League,598958,exact_name_birth_year,100,warehouse_2019
2019_2020,Luca Valls,20.0,1998,FRA,MF,Nîmes,Ligue 1,729818,exact_name_birth_year,100,warehouse_2019
2019_2020,Wakaso,29.0,1990,GHA,MF,Alavés,Liga,,none,60,warehouse_2019
2019_2020,Kelland Watts,19.0,1999,ENG,DF,Newcastle Utd,Premier League,,none,87,warehouse_2019
2019_2020,Andre-Frank Zambo Anguissa,23.0,1995,CMR,MF,Villarreal,Liga,,none,70,warehouse_2019
2019_2020,Raúl,18.0,2000,ESP,"FW,MF",Betis,Liga,,none,60,warehouse_2019
2019_2020,Nico Ribaudo,18.0,2001,ESP,"FW,MF",Espanyol,Liga,,none,62,warehouse_2019
2019_2020,Rober,24.0,1995,ESP,DF,Levante,Liga,,none,67,warehouse_2019
2019_2020,Óscar Rodríguez Arnaiz,21.0,1998,ESP,"MF,FW",Leganés,Liga,,none,81,warehouse_2019
2019_2020,Rubén,35.0,1984,ESP,GK,Osasuna,Liga,,none,62,warehouse_2019
2019_2020,Fabián Ruiz Peña,23.0,1996,ESP,MF,Napoli,Serie A,,none,81,warehouse_2019
2019_2020,Joan Sastre Vanrell,22.0,1997,ESP,DF,Mallorca,Liga,,none,73,warehouse_2019
2019_2020,Łukasz Skorupski,28.0,1991,POL,GK,Bologna,Serie A,,none,58,warehouse_2019
2019_2020,Łukasz Teodorczyk,28.0,1991,POL,FW,Udinese,Serie A,,none,61,warehouse_2019
2019_2020,Toño,29.0,1989,ESP,DF,Levante,Liga,,none,60,warehouse_2019
2019_2020,Unai Vencedor Paris,18.0,2000,ESP,MF,Athletic Club,Liga,,none,81,warehouse_2019
2019_2020,Yoel,30.0,1988,ESP,GK,Eibar,Liga,,none,46,warehouse_2019
2019_2020,Filip Đuričić,27.0,1992,SRB,"MF,FW",Sassuolo,Serie A,,none,69,warehouse_2019
2020_2021,Matthis Abline,17.0,2003,FRA,FW,Rennes,Ligue 1,659543,exact_name_birth_year,100,warehouse_2020
2020_2021,David Abraham,34.0,1986,ARG,DF,Eint Frankfurt,Bundesliga,58178,exact_name_birth_year,100,warehouse_2020
2020_2021,Emmanuel Amankwaa Akurugu,18.0,2001,GHA,DF,Getafe,Liga,,none,51,warehouse_2020
2020_2021,Wisdom Amey,14.0,2005,ITA,DF,Bologna,Serie A,818878,exact_name_birth_year,100,warehouse_2020
2020_2021,Elliot Anderson,17.0,2002,ENG,MF,Newcastle Utd,Premier League,567576,exact_name_birth_year,100,warehouse_2020
2020_2021,Nícolas Andrade,32.0,1988,BRA,GK,Udinese,Serie A,,none,69,warehouse_2020
2020_2021,Davide Angelo Ghislandi,19.0,2001,ITA,DF,Atalanta,Serie A,,none,82,warehouse_2020
2020_2021,Philip Ankhrah,17.0,2002,GHA,MF,Hellas Verona,Serie A,,none,60,warehouse_2020
2020_2021,José Antonio Miranda,22.0,1998,EQG,"MF,DF",Getafe,Liga,,none,71,warehouse_2020
2020_2021,Ezequiel Ávila,26.0,1994,ARG,"FW,MF",Osasuna,Liga,,none,69,warehouse_2020
2020_2021,Mehmet Aydin,18.0,2002,GER,DF,Schalke 04,Bundesliga,,none,83,warehouse_2020
2020_2021,Leandro Barreiro Martins,20.0,2000,LUX,MF,Mainz 05,Bundesliga,,none,80,warehouse_2020
2020_2021,Erwan Belhadji,19.0,2001,FRA,MF,Dijon,Ligue 1,894205,exact_name_birth_year,100,warehouse_2020
2020_2021,Salim Ben Seghir,17.0,2003,FRA,DF,Nice,Ligue 1,708681,exact_name_birth_year,100,warehouse_2020
2020_2021,Djamel Benlamri,30.0,1989,ALG,DF,Lyon,Ligue 1,,none,81,warehouse_2020
2020_2021,Jóhann Berg Guðmundsson,29.0,1990,ISL,MF,Burnley,Premier League,,none,65,warehouse_2020
2020_2021,Gleison Bremer,23.0,1997,BRA,DF,Torino,Serie A,,none,73,warehouse_2020
2020_2021,Yan Brice Eteki,22.0,1997,CMR,MF,Granada,Liga,,none,75,warehouse_2020
2020_2021,Nishan Burkart,20.0,2000,SUI,MF,Freiburg,Bundesliga,346900,exact_name_birth_year,100,warehouse_2020
2020_2021,Fabio Carvalho,17.0,2002,POR,"MF,FW",Fulham,Premier League,559263,exact_name_birth_year,100,warehouse_2020
2020_2021,Julian Chabot,22.0,1998,GER,DF,Spezia,Serie A,,none,77,warehouse_2020
2020_2021,Nassim Chadli,19.0,2001,FRA,"FW,MF",Nîmes,Ligue 1,721746,exact_name_birth_year,100,warehouse_2020
2020_2021,Pape Cheikh Diop,22.0,1997,SEN,MF,Dijon,Ligue 1,,none,81,warehouse_2020
2020_2021,David Costa,19.0,2001,POR,"MF,FW",Lens,Ligue 1,,none,88,warehouse_2020
2020_2021,Angelo da Costa Júnior,36.0,1983,BRA,GK,Bologna,Serie A,,none,81,warehouse_2020
2020_2021,Charles Costes,17.0,2002,FRA,MF,Dijon,Ligue 1,854973,exact_name_birth_year,100,warehouse_2020
2020_2021,Gian Crespi,19.0,2001,ITA,GK,Crotone,Serie A,,none,79,warehouse_2020
2020_2021,Cucho,21.0,1999,COL,"FW,MF",Getafe,Liga,,none,67,warehouse_2020
2020_2021,Lennart-Marten Czyborra,21.0,1999,GER,DF,Genoa,Serie A,,none,82,warehouse_2020
2020_2021,Moanes Dabbur,28.0,1992,ISR,"FW,MF",Hoffenheim,Bundesliga,,none,80,warehouse_2020
2020_2021,Leif Davis,20.0,2000,ENG,DF,Leeds United,Premier League,,none,67,warehouse_2020
2020_2021,Liam Delap,17.0,2003,ENG,FW,Manchester City,Premier League,610849,exact_name_birth_year,100,warehouse_2020
2020_2021,Sacha Delaye,18.0,2002,FRA,MF,Montpellier,Ligue 1,842425,exact_name_birth_year,100,warehouse_2020
2020_2021,Papakouli Diop,34.0,1986,SEN,MF,Eibar,Liga,,none,70,warehouse_2020
2020_2021,Andy Diouf,17.0,2003,FRA,FW,Rennes,Ligue 1,711976,exact_name_birth_year,100,warehouse_2020
2020_2021,Mihai Dobre,21.0,1998,ROU,FW,Dijon,Ligue 1,,none,72,warehouse_2020
2020_2021,Mahamadou Doucouré,20.0,2000,MLI,"FW,MF",Nîmes,Ligue 1,862880,exact_name_birth_year,100,warehouse_2020
2020_2021,Steeve-Mike Ebongue,19.0,2001,FRA,MF,Genoa,Serie A,,none,81,warehouse_2020
2020_2021,Emerson,21.0,1999,BRA,DF,Betis,Liga,687347,exact_name_birth_year,100,warehouse_2020
2020_2021,Yoann Etienne,23.0,1997,FRA,DF,Lorient,Ligue 1,342212,exact_name_birth_year,100,warehouse_2020
2020_2021,Ohis Felix Uduokhai,22.0,1997,GER,DF,Augsburg,Bundesliga,,none,85,warehouse_2020
2020_2021,Alexis Flips,20.0,2000,FRA,"MF,FW",Reims,Ligue 1,395242,exact_name_birth_year,100,warehouse_2020
2020_2021,Tyrese Francois,20.0,2000,AUS,DF,Fulham,Premier League,528888,exact_name_birth_year,100,warehouse_2020
2020_2021,Baptiste Gabard,20.0,2000,FRA,MF,Saint-Étienne,Ligue 1,852998,exact_name_birth_year,100,warehouse_2020
2020_2021,Idrissa Gana Gueye,30.0,1989,SEN,MF,Paris S-G,Ligue 1,,none,84,warehouse_2020
2020_2021,Dwight Gayle,29.0,1990,ENG,"FW,MF",Newcastle Utd,Premier League,,none,52,warehouse_2020
2020_2021,Anthony Gordon,19.0,2001,ENG,"FW,MF",Everton,Premier League,503733,exact_name_birth_year,100,warehouse_2020
2020_2021,Marcos Mauro López Gutiérrez,29.0,1991,ARG,DF,Cádiz,Liga,,none,60,warehouse_2020
2020_2021,Manu Gyabuaa,18.0,2001,ITA,MF,Atalanta,Serie A,,none,67,warehouse_2020
2020_2021,Antwoine Hackford,16.0,2004,ENG,DF,Sheffield Utd,Premier League,670859,exact_name_birth_year,100,warehouse_2020
2020_2021,Dalbert Henrique,26.0,1993,BRA,DF,Rennes,Ligue 1,,none,69,warehouse_2020
2020_2021,Vitorino Hilton,42.0,1977,BRA,DF,Montpellier,Ligue 1,,none,57,warehouse_2020
2020_2021,Niall Huggins,19.0,2000,WAL,DF,Leeds United,Premier League,559801,exact_name_birth_year,100,warehouse_2020
2020_2021,Pierre Højbjerg,24.0,1995,DEN,MF,Tottenham,Premier League,,none,83,warehouse_2020
2020_2021,Vedad Ibišević,35.0,1984,BIH,FW,Schalke 04,Bundesliga,21175,exact_name_birth_year,100,warehouse_2020
2020_2021,Didier Ibrahim Ndong,26.0,1994,GAB,MF,Dijon,Ligue 1,,none,75,warehouse_2020
2020_2021,Igor,22.0,1998,BRA,DF,Fiorentina,Serie A,,none,57,warehouse_2020
2020_2021,Alexandre Jankewitz,18.0,2001,SUI,MF,Southampton,Premier League,507472,exact_name_birth_year,100,warehouse_2020
2020_2021,Luis Javier Suárez,22.0,1997,COL,"FW,MF",Granada,Liga,,none,76,warehouse_2020
2020_2021,John Joe,16.0,2003,IRL,"MF,FW",Getafe,Liga,,none,64,warehouse_2020
2020_2021,Hamed Junior Traorè,20.0,2000,CIV,"MF,FW",Sassuolo,Serie A,,none,77,warehouse_2020
2020_2021,Jens Jønsson,27.0,1993,DEN,MF,Cádiz,Liga,,none,83,warehouse_2020
2020_2021,Silas Katompa,21.0,1998,COD,"DF,FW",Stuttgart,Bundesliga,,none,67,warehouse_2020
2020_2021,Habib Keita,18.0,2002,MLI,MF,Lyon,Ligue 1,669000,exact_name_birth_year,100,warehouse_2020
2020_2021,Reda Khadra,19.0,2001,GER,MF,Brighton,Premier League,405686,exact_name_birth_year,100,warehouse_2020
2020_2021,Max Kilman,23.0,1997,ENG,DF,Wolves,Premier League,,none,74,warehouse_2020
2020_2021,Klauss,23.0,1997,BRA,"MF,FW",Hoffenheim,Bundesliga,,none,71,warehouse_2020
2020_2021,Boubakar Kouyaté,23.0,1997,MLI,DF,Metz,Ligue 1,,none,71,warehouse_2020
2020_2021,Danilo Larangeira,36.0,1984,BRA,DF,Bologna,Serie A,,none,58,warehouse_2020
2020_2021,Lauti,19.0,2001,URU,MF,Celta Vigo,Liga,,none,55,warehouse_2020
2020_2021,Jeremías Ledesma,27.0,1993,ARG,GK,Cádiz,Liga,,none,62,warehouse_2020
2020_2021,Khanya Leshabela,20.0,1999,RSA,MF,Leicester City,Premier League,461882,exact_name_birth_year,100,warehouse_2020
2020_2021,Yanis Lhery,17.0,2003,FRA,MF,Saint-Étienne,Ligue 1,654414,exact_name_birth_year,100,warehouse_2020
2020_2021,Matthew Longstaff,20.0,2000,ENG,MF,Newcastle Utd,Premier League,,none,88,warehouse_2020
2020_2021,Adrien Louveau,20.0,2000,FRA,MF,Lens,Ligue 1,804817,exact_name_birth_year,100,warehouse_2020
2020_2021,Jan Luca Schuler,21.0,1999,GER,FW,Schalke 04,Bundesliga,,none,86,warehouse_2020
2020_2021,Florentino Luís,20.0,1999,POR,MF,Monaco,Ligue 1,,none,80,warehouse_2020
2020_2021,Yann M'Vila,30.0,1990,FRA,MF,Saint-Étienne,Ligue 1,60573,exact_name_birth_year,100,warehouse_2020
2020_2021,Gabriel Magalhães,22.0,1997,BRA,DF,Arsenal,Premier League,,none,69,warehouse_2020
2020_2021,Abdul Majeed Waris,28.0,1991,GHA,"FW,MF",Strasbourg,Ligue 1,,none,80,warehouse_2020
2020_2021,Hianga Mananga Mbock,20.0,1999,FRA,"MF,FW",Brest,Ligue 1,,none,71,warehouse_2020
2020_2021,Kostas Manolas,29.0,1991,GRE,DF,Napoli,Serie A,,none,82,warehouse_2020
2020_2021,Juan Manuel Ramos,23.0,1996,URU,DF,Spezia,Serie A,,none,74,warehouse_2020
2020_2021,Fernando Marçal,31.0,1989,BRA,"DF,MF",Wolves,Premier League,,none,69,warehouse_2020
2020_2021,Fernando Marçal,31.0,1989,BRA,DF,Lyon,Ligue 1,,none,69,warehouse_2020
2020_2021,Mariano,26.0,1993,DOM,FW,Real Madrid,Liga,,none,74,warehouse_2020
2020_2021,Oliver McBurnie,24.0,1996,SCO,FW,Sheffield Utd,Premier League,,none,89,warehouse_2020
2020_2021,Hannibal Mejbri,17.0,2003,TUN,MF,Manchester Utd,Premier League,,none,70,warehouse_2020
2020_2021,Memphis,26.0,1994,NED,FW,Lyon,Ligue 1,,none,70,warehouse_2020
2020_2021,Yıldırım Mert Çetin,23.0,1997,TUR,DF,Hellas Verona,Serie A,,none,69,warehouse_2020
2020_2021,Omenuke Mfulu,26.0,1994,COD,MF,Elche,Liga,,none,87,warehouse_2020
2020_2021,Dion Moise Sahi,18.0,2001,CIV,"FW,MF",Strasbourg,Ligue 1,880330,fuzzy_name_birth_year,100,warehouse_2020
2020_2021,Alkhaly Momo Cissé,17.0,2002,GUI,"FW,DF",Stuttgart,Bundesliga,,none,71,warehouse_2020
2020_2021,Joakim Mæhle,23.0,1997,DEN,DF,Atalanta,Serie A,,none,67,warehouse_2020
2020_2021,Obite N'Dicka,20.0,1999,CIV,DF,Eint Frankfurt,Bundesliga,,none,62,warehouse_2020
2020_2021,Kenny Nagera,18.0,2002,FRA,FW,Paris S-G,Ligue 1,618416,exact_name_birth_year,100,warehouse_2020
2020_2021,Iliman Ndiaye,20.0,2000,SEN,MF,Sheffield Utd,Premier League,623570,exact_name_birth_year,100,warehouse_2020
2020_2021,Mamor Niang,18.0,2002,SEN,"MF,FW",Getafe,Liga,715650,exact_name_birth_year,100,warehouse_2020
2020_2021,Nicolas Nkoulou,30.0,1990,CMR,DF,Torino,Serie A,,none,64,warehouse_2020
2020_2021,Kasim Nuhu,25.0,1995,GHA,DF,Hoffenheim,Bundesliga,,none,56,warehouse_2020
2020_2021,Simeon Nwankwo,28.0,1992,NGA,FW,Crotone,Serie A,,none,60,warehouse_2020
2020_2021,Shinji Okazaki,34.0,1986,JPN,"FW,MF",Huesca,Liga,,none,56,warehouse_2020
2020_2021,Emerson Palmieri,25.0,1994,ITA,DF,Chelsea,Premier League,,none,65,warehouse_2020
2020_2021,Adrián,33.0,1987,ESP,GK,Liverpool,Premier League,,none,67,warehouse_2020
2020_2021,Jony Álamo,18.0,2001,ESP,MF,Elche,Liga,786438,exact_name_birth_year,100,warehouse_2020
2020_2021,Alfon,21.0,1999,ESP,MF,Celta Vigo,Liga,,none,67,warehouse_2020
2020_2021,Ángel,18.0,2002,ESP,GK,Granada,Liga,,none,67,warehouse_2020
2020_2021,Miguel Ángel Rubio,22.0,1998,ESP,DF,Valladolid,Liga,,none,80,warehouse_2020
2020_2021,Unai Arietaleanizbeaskoa,21.0,1999,ESP,"FW,MF",Eibar,Liga,,none,63,warehouse_2020
2020_2021,Barcia,19.0,2000,ESP,DF,Granada,Liga,,none,63,warehouse_2020
2020_2021,Álvaro Bastida,16.0,2004,ESP,MF,Cádiz,Liga,882772,exact_name_birth_year,100,warehouse_2020
2020_2021,Alejandro Blanco,21.0,1998,ESP,MF,Valencia,Liga,,none,80,warehouse_2020
2020_2021,Alejandro Blesa,18.0,2002,ESP,MF,Levante,Liga,,none,79,warehouse_2020
2020_2021,Cala,30.0,1989,ESP,DF,Cádiz,Liga,,none,62,warehouse_2020
2020_2021,Álex Cantero,20.0,2000,ESP,FW,Levante,Liga,,none,76,warehouse_2020
2020_2021,Isaac Carcelen,27.0,1993,ESP,DF,Cádiz,Liga,,none,85,warehouse_2020
2020_2021,Cárdenas,23.0,1997,ESP,GK,Levante,Liga,,none,76,warehouse_2020
2020_2021,Juan Carlos,29.0,1991,ESP,"MF,FW",Huesca,Liga,,none,81,warehouse_2020
2020_2021,Jonny Castro,26.0,1994,ESP,"MF,DF",Wolves,Premier League,,none,62,warehouse_2020
2020_2021,Sava Cestic,19.0,2001,SRB,DF,Köln,Bundesliga,,none,73,warehouse_2020
2020_2021,Chema,28.0,1992,ESP,"DF,MF",Getafe,Liga,,none,60,warehouse_2020
2020_2021,Cifu,29.0,1990,ESP,DF,Elche,Liga,,none,50,warehouse_2020
2020_2021,Alberto Cifuentes,41.0,1979,ESP,GK,Cádiz,Liga,7668,exact_name_birth_year,100,warehouse_2020
2020_2021,Diego Costa,31.0,1988,ESP,FW,Atlético Madrid,Liga,44779,exact_name_birth_year,100,warehouse_2020
2020_2021,Juan Cruz Armada,28.0,1992,ESP,DF,Osasuna,Liga,,none,72,warehouse_2020
2020_2021,Sergio Cubero Ezcurra,20.0,1999,ESP,MF,Eibar,Liga,,none,76,warehouse_2020
2020_2021,Djené,28.0,1991,TOG,DF,Getafe,Liga,,none,56,warehouse_2020
2020_2021,John Donald,19.0,2000,ESP,"DF,MF",Elche,Liga,627290,exact_name_birth_year,100,warehouse_2020
2020_2021,Unai Dufur,21.0,1999,ESP,DF,Eibar,Liga,783429,exact_name_birth_year,100,warehouse_2020
2020_2021,Salvador Ferrer,22.0,1998,ESP,DF,Spezia,Serie A,,none,89,warehouse_2020
2020_2021,Raúl García,31.0,1989,ESP,"DF,MF",Valladolid,Liga,,none,67,warehouse_2020
2020_2021,Urko González,19.0,2001,ESP,MF,Real Sociedad,Liga,,none,81,warehouse_2020
2020_2021,Iglesias,22.0,1998,ESP,"DF,MF",Getafe,Liga,,none,76,warehouse_2020
2020_2021,Jason,26.0,1994,ESP,"MF,DF",Valencia,Liga,,none,75,warehouse_2020
2020_2021,Jota,29.0,1991,ESP,MF,Alavés,Liga,,none,67,warehouse_2020
2020_2021,Kiké,30.0,1989,ESP,FW,Eibar,Liga,,none,53,warehouse_2020
2020_2021,Kuki,22.0,1998,ESP,MF,Valladolid,Liga,,none,53,warehouse_2020
2020_2021,Pedro López Muñoz,36.0,1983,ESP,DF,Huesca,Liga,,none,79,warehouse_2020
2020_2021,Anthony Lozano,27.0,1993,HON,FW,Cádiz,Liga,,none,74,warehouse_2020
2020_2021,José Luis Gayà,25.0,1995,ESP,DF,Valencia,Liga,,none,78,warehouse_2020
2020_2021,Luismi,28.0,1992,ESP,"MF,DF",Elche,Liga,,none,67,warehouse_2020
2020_2021,Radosław Majecki,20.0,1999,POL,GK,Monaco,Ligue 1,,none,81,warehouse_2020
2020_2021,Marvin,20.0,2000,ESP,"DF,MF",Real Madrid,Liga,,none,71,warehouse_2020
2020_2021,Eñaut Mendía,21.0,1999,ESP,FW,Eibar,Liga,684299,exact_name_birth_year,100,warehouse_2020
2020_2021,Míchel,32.0,1988,ESP,MF,Valladolid,Liga,,none,67,warehouse_2020
2020_2021,Cristóbal Montiel,20.0,2000,ESP,"MF,FW",Fiorentina,Serie A,,none,65,warehouse_2020
2020_2021,Nacho,31.0,1989,ESP,DF,Valladolid,Liga,,none,53,warehouse_2020
2020_2021,Nacho,30.0,1990,ESP,DF,Real Madrid,Liga,,none,50,warehouse_2020
2020_2021,Nano,25.0,1995,ESP,FW,Cádiz,Liga,,none,67,warehouse_2020
2020_2021,Nieto,22.0,1998,ESP,"FW,DF",Cádiz,Liga,,none,73,warehouse_2020
2020_2021,Fernando Niño,19.0,2000,ESP,FW,Villarreal,Liga,,none,76,warehouse_2020
2020_2021,Jaden Philogene Bidace,18.0,2002,ENG,FW,Aston Villa,Premier League,,none,81,warehouse_2020
2020_2021,Antonio Raimondo,16.0,2004,ITA,FW,Bologna,Serie A,818888,exact_name_birth_year,100,warehouse_2020
2020_2021,Kayne Ramsey,19.0,2000,ENG,DF,Southampton,Premier League,530879,fuzzy_name_birth_year,92,warehouse_2020
2020_2021,Bobby Reid,27.0,1993,JAM,"MF,FW",Fulham,Premier League,,none,70,warehouse_2020
2020_2021,Francisco Reis Ferreira,23.0,1997,POR,DF,Valencia,Liga,,none,60,warehouse_2020
2020_2021,Gio Reyna,17.0,2002,USA,"MF,FW",Dortmund,Bundesliga,,none,78,warehouse_2020
2020_2021,Lewis Richardson,17.0,2003,ENG,"FW,MF",Burnley,Premier League,657863,exact_name_birth_year,100,warehouse_2020
2020_2021,Kays Ruiz,17.0,2002,FRA,"FW,MF",Paris S-G,Ligue 1,,none,78,warehouse_2020
2020_2021,Frederik Rønnow,27.0,1992,DEN,GK,Schalke 04,Bundesliga,,none,87,warehouse_2020
2020_2021,Mathys Saban,18.0,2002,FRA,FW,Saint-Étienne,Ligue 1,783799,exact_name_birth_year,100,warehouse_2020
2020_2021,Moïse Sakava,19.0,2000,CMR,MF,Reims,Ligue 1,520054,exact_name_birth_year,100,warehouse_2020
2020_2021,Mama Samba Baldé,24.0,1995,GNB,FW,Dijon,Ligue 1,,none,77,warehouse_2020
2020_2021,Juan Sánchez Miño,30.0,1990,ARG,"DF,MF",Elche,Liga,169249,exact_name_birth_year,100,warehouse_2020
2020_2021,Samir Santos,25.0,1994,BRA,DF,Udinese,Serie A,,none,78,warehouse_2020
2020_2021,Dane Scarlett,16.0,2004,ENG,FW,Tottenham,Premier League,670883,exact_name_birth_year,100,warehouse_2020
2020_2021,Nicolás Schiappacasse,21.0,1999,URU,MF,Sassuolo,Serie A,345473,exact_name_birth_year,100,warehouse_2020
2020_2021,Malik Sellouki,20.0,2000,FRA,"FW,MF",Nice,Ligue 1,811430,exact_name_birth_year,100,warehouse_2020
2020_2021,Jean Seri,29.0,1991,CIV,MF,Bordeaux,Ligue 1,,none,69,warehouse_2020
2020_2021,Shola Shoretire,16.0,2004,ENG,FW,Manchester Utd,Premier League,640026,exact_name_birth_year,100,warehouse_2020
2020_2021,Abdoulaye Sidibé,18.0,2002,FRA,MF,Saint-Étienne,Ligue 1,639758,exact_name_birth_year,100,warehouse_2020
2020_2021,Caio Henrique Oliveira Silva,23.0,1997,BRA,DF,Monaco,Ligue 1,,none,63,warehouse_2020
2020_2021,Florent da Silva,17.0,2003,FRA,FW,Lyon,Ligue 1,,none,67,warehouse_2020
2020_2021,Nelson Sissoko,23.0,1997,FRA,DF,Saint-Étienne,Ligue 1,,none,67,warehouse_2020
2020_2021,Rayan Souici,22.0,1998,FRA,DF,Saint-Étienne,Ligue 1,324727,exact_name_birth_year,100,warehouse_2020
2020_2021,Ansou Sow,20.0,2000,SEN,MF,Lens,Ligue 1,595169,exact_name_birth_year,100,warehouse_2020
2020_2021,Jerry St. Juste,23.0,1996,NED,DF,Mainz 05,Bundesliga,,none,77,warehouse_2020
2020_2021,Jens Stryger Larsen,29.0,1991,DEN,DF,Udinese,Serie A,,none,77,warehouse_2020
2020_2021,Abdoulaye Sylla,20.0,2000,GUI,DF,Nantes,Ligue 1,807648,exact_name_birth_year,100,warehouse_2020
2020_2021,Frederik Sørensen,28.0,1992,DEN,DF,Köln,Bundesliga,,none,88,warehouse_2020
2020_2021,Heriberto Tavares,23.0,1997,POR,"FW,MF",Brest,Ligue 1,,none,83,warehouse_2020
2020_2021,Sidnei Tavares,18.0,2001,POR,MF,Leicester City,Premier League,511813,exact_name_birth_year,100,warehouse_2020
2020_2021,Allan Tchaptchet,18.0,2001,FRA,DF,Southampton,Premier League,465294,exact_name_birth_year,100,warehouse_2020
2020_2021,Cheikh Tidiane Sabaly,21.0,1999,SEN,FW,Metz,Ligue 1,,none,76,warehouse_2020
2020_2021,Tyron Tormin,19.0,2001,FRA,"FW,MF",Saint-Étienne,Ligue 1,496601,fuzzy_name_birth_year,96,warehouse_2020
2020_2021,Chaka Traorè,15.0,2004,CIV,"FW,DF",Parma,Serie A,700998,exact_name_birth_year,100,warehouse_2020
2020_2021,Marvin Tshibuabua,18.0,2002,FRA,DF,Saint-Étienne,Ligue 1,558139,exact_name_birth_year,100,warehouse_2020
2020_2021,Kostas Tsimikas,24.0,1996,GRE,"DF,FW",Liverpool,Premier League,,none,83,warehouse_2020
2020_2021,Lesley Ugochukwu,16.0,2004,FRA,MF,Rennes,Ligue 1,711999,exact_name_birth_year,100,warehouse_2020
2020_2021,Jake Vokins,20.0,2000,ENG,DF,Southampton,Premier League,421424,exact_name_birth_year,100,warehouse_2020
2020_2021,Caleb Watts,18.0,2002,AUS,MF,Southampton,Premier League,610665,exact_name_birth_year,100,warehouse_2020
2020_2021,Burak Yılmaz,35.0,1985,TUR,FW,Lille,Ligue 1,,none,83,warehouse_2020
2020_2021,Andre-Frank Zambo Anguissa,24.0,1995,CMR,MF,Fulham,Premier League,,none,70,warehouse_2020
2020_2021,Tomás Pina Isla,32.0,1987,ESP,MF,Alavés,Liga,,none,80,warehouse_2020
2020_2021,Łukasz Piszczek,35.0,1985,POL,DF,Dortmund,Bundesliga,,none,60,warehouse_2020
2020_2021,Alejandro Pozo Pozo,21.0,1999,ESP,"DF,MF",Eibar,Liga,,none,65,warehouse_2020
2020_2021,Quique,30.0,1990,ESP,"FW,MF",Eibar,Liga,,none,57,warehouse_2020
2020_2021,Rober,25.0,1995,ESP,"DF,MF",Levante,Liga,,none,67,warehouse_2020
2020_2021,Rodri,20.0,2000,ESP,"FW,MF",Betis,Liga,,none,59,warehouse_2020
2020_2021,Óscar Rodríguez Arnaiz,22.0,1998,ESP,"MF,FW",Sevilla,Liga,,none,81,warehouse_2020
2020_2021,Rubén,36.0,1984,ESP,GK,Osasuna,Liga,,none,62,warehouse_2020
2020_2021,Fabián Ruiz Peña,24.0,1996,ESP,MF,Napoli,Serie A,,none,81,warehouse_2020
2020_2021,Salvi,29.0,1991,ESP,"MF,FW",Cádiz,Liga,,none,60,warehouse_2020
2020_2021,Łukasz Skorupski,29.0,1991,POL,GK,Bologna,Serie A,,none,58,warehouse_2020
2020_2021,Hugo Sotelo,16.0,2003,ESP,MF,Celta Vigo,Liga,892221,exact_name_birth_year,100,warehouse_2020
2020_2021,Toño,30.0,1989,ESP,"DF,FW",Levante,Liga,,none,60,warehouse_2020
2020_2021,Kacper Urbanski,15.0,2004,POL,FW,Bologna,Serie A,699442,exact_name_birth_year,100,warehouse_2020
2020_2021,Eugeni Valderrama,26.0,1994,ESP,"MF,FW",Huesca,Liga,,none,62,warehouse_2020
2020_2021,Gabriel Veiga,18.0,2002,ESP,"MF,DF",Celta Vigo,Liga,906749,fuzzy_name_birth_year,96,warehouse_2020
2020_2021,Unai Vencedor Paris,19.0,2000,ESP,MF,Athletic Club,Liga,,none,81,warehouse_2020
2020_2021,Yoel,31.0,1988,ESP,GK,Eibar,Liga,,none,46,warehouse_2020
2020_2021,Filip Đuričić,28.0,1992,SRB,"MF,FW",Sassuolo,Serie A,,none,69,warehouse_2020
2021_2022,Luis Abram,25.0,1996,PER,DF,Granada,Liga,330684,exact_name_birth_year,100,warehouse_2021
2021_2022,Sargis Adamyan,28.0,1993,ARM,"FW,MF",Hoffenheim,Bundesliga,125614,exact_name_birth_year,100,warehouse_2021
2021_2022,Sergio Agüero,33.0,1988,ARG,FW,Barcelona,Liga,26399,exact_name_birth_year,100,warehouse_2021
2021_2022,Emmanuel Amankwaa Akurugu,19.0,2001,GHA,DF,Getafe,Liga,,none,51,warehouse_2021
2021_2022,Amath,25.0,1996,SEN,"FW,MF",Mallorca,Liga,,none,62,warehouse_2021
2021_2022,Wisdom Amey,15.0,2005,ITA,DF,Bologna,Serie A,818878,exact_name_birth_year,100,warehouse_2021
2021_2022,Andrés Andrade Cedeño,22.0,1998,PAN,DF,Arminia,Bundesliga,,none,80,warehouse_2021
2021_2022,Harrison Ashby,19.0,2001,SCO,DF,West Ham,Premier League,559130,exact_name_birth_year,100,warehouse_2021
2021_2022,Ezequiel Ávila,27.0,1994,ARG,"FW,MF",Osasuna,Liga,,none,69,warehouse_2021
2021_2022,Youssouph Badji,19.0,2001,SEN,"FW,MF",Brest,Ligue 1,649035,exact_name_birth_year,100,warehouse_2021
2021_2022,Nicola Bagnolini,17.0,2004,ITA,GK,Bologna,Serie A,818892,exact_name_birth_year,100,warehouse_2021
2021_2022,Leandro Barreiro Martins,21.0,2000,LUX,MF,Mainz 05,Bundesliga,,none,80,warehouse_2021
2021_2022,Lewis Bate,18.0,2002,ENG,MF,Leeds United,Premier League,587003,exact_name_birth_year,100,warehouse_2021
2021_2022,Jóhann Berg Guðmundsson,30.0,1990,ISL,MF,Burnley,Premier League,,none,65,warehouse_2021
2021_2022,Bilal Brahimi,21.0,2000,ALG,MF,Nice,Ligue 1,789094,exact_name_birth_year,100,warehouse_2021
2021_2022,Bilal Brahimi,21.0,2000,ALG,FW,Angers,Ligue 1,789094,exact_name_birth_year,100,warehouse_2021
2021_2022,Gleison Bremer,24.0,1997,BRA,DF,Torino,Serie A,,none,73,warehouse_2021
2021_2022,Yan Brice Eteki,23.0,1997,CMR,MF,Granada,Liga,,none,75,warehouse_2021
2021_2022,Lewis Brunt,20.0,2000,ENG,MF,Leicester City,Premier League,533657,exact_name_birth_year,100,warehouse_2021
2021_2022,Emi Buendía,24.0,1996,ARG,"MF,FW",Aston Villa,Premier League,,none,81,warehouse_2021
2021_2022,Mathieu Cafaro,24.0,1997,FRA,"MF,FW",Reims,Ligue 1,399383,exact_name_birth_year,100,warehouse_2021
2021_2022,Chem Campbell,18.0,2002,WAL,MF,Wolves,Premier League,614603,exact_name_birth_year,100,warehouse_2021
2021_2022,Igor Carioca,24.0,1996,BRA,DF,Lorient,Ligue 1,,none,64,warehouse_2021
2021_2022,Julian Chabot,23.0,1998,GER,DF,Sampdoria,Serie A,,none,77,warehouse_2021
2021_2022,Julian Chabot,23.0,1998,GER,DF,Köln,Bundesliga,,none,77,warehouse_2021
2021_2022,Kayky Chagas,18.0,2003,BRA,FW,Manchester City,Premier League,,none,59,warehouse_2021
2021_2022,Daniel Chesters,19.0,2002,ENG,MF,West Ham,Premier League,,none,89,warehouse_2021
2021_2022,Sergio Córdova,23.0,1997,VEN,"FW,MF",Augsburg,Bundesliga,377387,exact_name_birth_year,100,warehouse_2021
2021_2022,David Costa,20.0,2001,POR,"MF,FW",Lens,Ligue 1,,none,88,warehouse_2021
2021_2022,Cucho,22.0,1999,COL,"FW,MF",Watford,Premier League,,none,67,warehouse_2021
2021_2022,Rafael Czichos,31.0,1990,GER,DF,Köln,Bundesliga,84150,exact_name_birth_year,100,warehouse_2021
2021_2022,Lennart-Marten Czyborra,22.0,1999,GER,DF,Arminia,Bundesliga,,none,82,warehouse_2021
2021_2022,Moanes Dabbur,29.0,1992,ISR,"FW,MF",Hoffenheim,Bundesliga,,none,80,warehouse_2021
2021_2022,Bryan Djile Nokoué,19.0,2002,CMR,"DF,MF",Saint-Étienne,Ligue 1,,none,80,warehouse_2021
2021_2022,Lewis Dobbin,18.0,2003,ENG,"FW,MF",Everton,Premier League,627248,exact_name_birth_year,100,warehouse_2021
2021_2022,Emerson,22.0,1999,BRA,"DF,MF",Tottenham,Premier League,687347,exact_name_birth_year,100,warehouse_2021
2021_2022,Emerson,22.0,1999,BRA,DF,Barcelona,Liga,687347,exact_name_birth_year,100,warehouse_2021
2021_2022,Renaud Emond,29.0,1991,BEL,"FW,MF",Nantes,Ligue 1,168471,exact_name_birth_year,100,warehouse_2021
2021_2022,Oghenekaro Etebo,25.0,1995,NGA,MF,Watford,Premier League,,none,67,warehouse_2021
2021_2022,Ömer Faruk Beyaz,17.0,2003,TUR,"DF,MF",Stuttgart,Bundesliga,,none,77,warehouse_2021
2021_2022,Ohis Felix Uduokhai,23.0,1997,GER,DF,Augsburg,Bundesliga,,none,85,warehouse_2021
2021_2022,Steven Fortes,29.0,1992,CPV,DF,Lens,Ligue 1,276895,exact_name_birth_year,100,warehouse_2021
2021_2022,Stephan Fürstner,33.0,1987,GER,MF,Mainz 05,Bundesliga,35493,exact_name_birth_year,100,warehouse_2021
2021_2022,Pablo Galdames Millán,24.0,1996,CHI,MF,Genoa,Serie A,,none,80,warehouse_2021
2021_2022,Idrissa Gana Gueye,31.0,1989,SEN,MF,Paris S-G,Ligue 1,,none,84,warehouse_2021
2021_2022,Silvère Ganvoula M'Boussy,25.0,1996,CGO,FW,Bochum,Bundesliga,,none,78,warehouse_2021
2021_2022,Dwight Gayle,30.0,1990,ENG,"FW,DF",Newcastle Utd,Premier League,,none,52,warehouse_2021
2021_2022,Diego Godín,35.0,1986,URU,DF,Cagliari,Serie A,54928,exact_name_birth_year,100,warehouse_2021
2021_2022,Toti Gomes,22.0,1999,POR,DF,Wolves,Premier League,,none,70,warehouse_2021
2021_2022,Mason Greenwood,19.0,2001,ENG,"FW,MF",Manchester Utd,Premier League,532826,exact_name_birth_year,100,warehouse_2021
2021_2022,Noah Guede-Nadje,17.0,2003,FRA,MF,Angers,Ligue 1,,none,81,warehouse_2021
2021_2022,Marcos Mauro López Gutiérrez,30.0,1991,ARG,DF,Cádiz,Liga,,none,60,warehouse_2021
2021_2022,Henrique,27.0,1994,BRA,DF,Lyon,Ligue 1,,none,73,warehouse_2021
2021_2022,Dalbert Henrique,27.0,1993,BRA,"DF,MF",Cagliari,Serie A,,none,69,warehouse_2021
2021_2022,Daan Heymans,22.0,1999,BEL,"MF,FW",Venezia,Serie A,446491,exact_name_birth_year,100,warehouse_2021
2021_2022,Pierre Højbjerg,25.0,1995,DEN,MF,Tottenham,Premier League,,none,83,warehouse_2021
2021_2022,Juan Ignacio Ramírez,24.0,1997,URU,FW,Saint-Étienne,Ligue 1,,none,86,warehouse_2021
2021_2022,Igor,23.0,1998,BRA,DF,Fiorentina,Serie A,,none,57,warehouse_2021
2021_2022,Gian-Luca Itter,22.0,1999,GER,DF,Greuther Fürth,Bundesliga,,none,80,warehouse_2021
2021_2022,Abdel Jalil Medioub,23.0,1997,ALG,DF,Bordeaux,Ligue 1,,none,81,warehouse_2021
2021_2022,Luis Javier Suárez,23.0,1997,COL,FW,Granada,Liga,,none,76,warehouse_2021
2021_2022,Jemerson,28.0,1992,BRA,DF,Metz,Ligue 1,258254,exact_name_birth_year,100,warehouse_2021
2021_2022,José Juan Macías,21.0,1999,MEX,"FW,MF",Getafe,Liga,546047,exact_name_birth_year,100,warehouse_2021
2021_2022,Flavio Junior Bianchi,21.0,2000,ITA,"FW,MF",Genoa,Serie A,,none,80,warehouse_2021
2021_2022,Hamed Junior Traorè,21.0,2000,CIV,"FW,MF",Sassuolo,Serie A,,none,77,warehouse_2021
2021_2022,Jens Jønsson,28.0,1993,DEN,MF,Cádiz,Liga,,none,83,warehouse_2021
2021_2022,Mathias Jørgensen,31.0,1990,DEN,DF,Brentford,Premier League,,none,60,warehouse_2021
2021_2022,Silas Katompa,22.0,1998,COD,"FW,MF",Stuttgart,Bundesliga,,none,67,warehouse_2021
2021_2022,Dimitrios Keramitsis,17.0,2004,GRE,MF,Roma,Serie A,861192,exact_name_birth_year,100,warehouse_2021
2021_2022,Max Kilman,24.0,1997,ENG,DF,Wolves,Premier League,,none,74,warehouse_2021
2021_2022,Philippe Koffi,19.0,2002,CIV,FW,Reims,Ligue 1,,none,60,warehouse_2021
2021_2022,Luca Koleosho,16.0,2004,ITA,FW,Espanyol,Liga,745461,exact_name_birth_year,100,warehouse_2021
2021_2022,Laurent Koscielny,35.0,1985,FRA,DF,Bordeaux,Ligue 1,76277,exact_name_birth_year,100,warehouse_2021
2021_2022,Boubakar Kouyaté,24.0,1997,MLI,DF,Metz,Ligue 1,,none,71,warehouse_2021
2021_2022,Mykola Kukharevych,20.0,2001,UKR,FW,Troyes,Ligue 1,730126,exact_name_birth_year,100,warehouse_2021
2021_2022,Mohamed Lamine Bayo,23.0,1998,GUI,FW,Clermont Foot,Ligue 1,,none,77,warehouse_2021
2021_2022,Jeremías Ledesma,28.0,1993,ARG,GK,Cádiz,Liga,,none,62,warehouse_2021
2021_2022,Anderson Lima,21.0,1999,BRA,MF,Lazio,Serie A,,none,76,warehouse_2021
2021_2022,Valentino Livramento,18.0,2002,ENG,DF,Southampton,Premier League,,none,86,warehouse_2021
2021_2022,Johaneko Louisjean,17.0,2004,FRA,DF,Bordeaux,Ligue 1,,none,76,warehouse_2021
2021_2022,Florentino Luís,21.0,1999,POR,MF,Getafe,Liga,,none,80,warehouse_2021
2021_2022,Andrey Lunyov,29.0,1991,RUS,GK,Leverkusen,Bundesliga,,none,88,warehouse_2021
2021_2022,Gabriel Magalhães,23.0,1997,BRA,DF,Arsenal,Premier League,,none,69,warehouse_2021
2021_2022,Abdul Majeed Waris,29.0,1991,GHA,"FW,MF",Strasbourg,Ligue 1,,none,80,warehouse_2021
2021_2022,Hianga Mananga Mbock,21.0,1999,FRA,MF,Brest,Ligue 1,,none,71,warehouse_2021
2021_2022,Kostas Manolas,30.0,1991,GRE,DF,Napoli,Serie A,,none,82,warehouse_2021
2021_2022,Fernando Marçal,32.0,1989,BRA,"MF,DF",Wolves,Premier League,,none,69,warehouse_2021
2021_2022,Mariano,27.0,1993,DOM,FW,Real Madrid,Liga,,none,74,warehouse_2021
2021_2022,Amadou Mbengue,19.0,2002,SEN,"DF,MF",Metz,Ligue 1,,none,82,warehouse_2021
2021_2022,James Mcatee,18.0,2002,ENG,"MF,FW",Manchester City,Premier League,583199,exact_name_birth_year,100,warehouse_2021
2021_2022,Kasey McAteer,19.0,2001,IRL,FW,Leicester City,Premier League,621193,exact_name_birth_year,100,warehouse_2021
2021_2022,Stuart McKinstry,18.0,2002,SCO,MF,Leeds United,Premier League,592474,exact_name_birth_year,100,warehouse_2021
2021_2022,Hannibal Mejbri,18.0,2003,TUN,FW,Manchester Utd,Premier League,,none,70,warehouse_2021
2021_2022,Memphis,27.0,1994,NED,FW,Barcelona,Liga,,none,70,warehouse_2021
2021_2022,Benjamin Mendy,27.0,1994,FRA,DF,Manchester City,Premier League,157495,exact_name_birth_year,100,warehouse_2021
2021_2022,Yıldırım Mert Çetin,24.0,1997,TUR,MF,Hellas Verona,Serie A,,none,69,warehouse_2021
2021_2022,Hilmir Mikaelsson,17.0,2004,ISL,FW,Venezia,Serie A,,none,87,warehouse_2021
2021_2022,Georges Mikautadze,20.0,2000,GEO,FW,Metz,Ligue 1,729814,exact_name_birth_year,100,warehouse_2021
2021_2022,Wesley Moraes,24.0,1996,BRA,FW,Aston Villa,Premier League,381362,exact_name_birth_year,100,warehouse_2021
2021_2022,Tyler Morton,18.0,2002,ENG,MF,Liverpool,Premier League,618494,exact_name_birth_year,100,warehouse_2021
2021_2022,Torben Müsel,22.0,1999,GER,MF,Gladbach,Bundesliga,368860,exact_name_birth_year,100,warehouse_2021
2021_2022,Joakim Mæhle,24.0,1997,DEN,"DF,MF",Atalanta,Serie A,,none,67,warehouse_2021
2021_2022,Obite N'Dicka,21.0,1999,CIV,DF,Eint Frankfurt,Bundesliga,,none,62,warehouse_2021
2021_2022,Nicolas Nkoulou,31.0,1990,CMR,DF,Watford,Premier League,,none,64,warehouse_2021
2021_2022,Kasim Nuhu,26.0,1995,GHA,DF,Hoffenheim,Bundesliga,,none,56,warehouse_2021
2021_2022,Hans Nunoo Sarpei,22.0,1998,GHA,"DF,MF",Greuther Fürth,Bundesliga,,none,83,warehouse_2021
2021_2022,Simeon Nwankwo,29.0,1992,NGA,FW,Salernitana,Serie A,,none,60,warehouse_2021
2021_2022,Otávio,27.0,1994,BRA,MF,Bordeaux,Ligue 1,312314,exact_name_birth_year,100,warehouse_2021
2021_2022,Jesús Owono,20.0,2001,EQG,GK,Alavés,Liga,631693,exact_name_birth_year,100,warehouse_2021
2021_2022,Simone Pafundi,15.0,2006,ITA,FW,Udinese,Serie A,876400,exact_name_birth_year,100,warehouse_2021
2021_2022,Emerson Palmieri,26.0,1994,ITA,DF,Chelsea,Premier League,,none,65,warehouse_2021
2021_2022,Emerson Palmieri,26.0,1994,ITA,DF,Lyon,Ligue 1,,none,65,warehouse_2021
2021_2022,Álvaro Aguirre,21.0,2000,ESP,FW,Rayo Vallecano,Liga,888694,exact_name_birth_year,100,warehouse_2021
2021_2022,Hugo Álvarez,18.0,2003,ESP,FW,Celta Vigo,Liga,892929,exact_name_birth_year,100,warehouse_2021
2021_2022,Fredrik André Bjørkan,22.0,1998,NOR,DF,Hertha BSC,Bundesliga,,none,83,warehouse_2021
2021_2022,Josep Antoni Gayá,21.0,2000,ESP,DF,Mallorca,Liga,,none,74,warehouse_2021
2021_2022,Alejandro Asensio,20.0,2000,ESP,FW,Rayo Vallecano,Liga,891075,exact_name_birth_year,100,warehouse_2021
2021_2022,Barbero,22.0,1998,ESP,"FW,MF",Osasuna,Liga,,none,74,warehouse_2021
2021_2022,Barcia,20.0,2000,ESP,DF,Granada,Liga,,none,63,warehouse_2021
2021_2022,Oriol Busquets,22.0,1999,ESP,MF,Clermont Foot,Ligue 1,,none,85,warehouse_2021
2021_2022,Cala,31.0,1989,ESP,DF,Cádiz,Liga,,none,62,warehouse_2021
2021_2022,Calderón,21.0,2000,ESP,DF,Betis,Liga,,none,76,warehouse_2021
2021_2022,Álex Cantero,21.0,2000,ESP,"FW,MF",Levante,Liga,,none,76,warehouse_2021
2021_2022,Isaac Carcelen,28.0,1993,ESP,"DF,MF",Cádiz,Liga,,none,85,warehouse_2021
2021_2022,Cárdenas,24.0,1997,ESP,GK,Levante,Liga,,none,76,warehouse_2021
2021_2022,Carlo,20.0,2001,ESP,MF,Villarreal,Liga,,none,71,warehouse_2021
2021_2022,Carmona,19.0,2002,ESP,DF,Sevilla,Liga,,none,67,warehouse_2021
2021_2022,Jonny Castro,27.0,1994,ESP,DF,Wolves,Premier League,,none,62,warehouse_2021
2021_2022,Catena,26.0,1994,ESP,DF,Rayo Vallecano,Liga,,none,60,warehouse_2021
2021_2022,Emil Ceide,19.0,2001,NOR,"FW,MF",Sassuolo,Serie A,,none,74,warehouse_2021
2021_2022,Chapela,22.0,1999,ESP,"MF,FW",Cádiz,Liga,,none,74,warehouse_2021
2021_2022,Chema,29.0,1992,ESP,MF,Getafe,Liga,,none,60,warehouse_2021
2021_2022,Cristo,21.0,2000,ESP,DF,Real Sociedad,Liga,,none,67,warehouse_2021
2021_2022,Juan Cruz Armada,29.0,1992,ESP,DF,Osasuna,Liga,,none,72,warehouse_2021
2021_2022,Djené,29.0,1991,TOG,DF,Getafe,Liga,,none,56,warehouse_2021
2021_2022,Mario Dominguez,17.0,2004,ESP,FW,Valencia,Liga,941867,exact_name_birth_year,100,warehouse_2021
2021_2022,John Donald,20.0,2000,ESP,DF,Elche,Liga,627290,exact_name_birth_year,100,warehouse_2021
2021_2022,Estanis,17.0,2003,ESP,FW,Barcelona,Liga,,none,64,warehouse_2021
2021_2022,Salvador Ferrer,23.0,1998,ESP,"DF,MF",Spezia,Serie A,,none,89,warehouse_2021
2021_2022,Przemysław Frankowski,26.0,1995,POL,DF,Lens,Ligue 1,,none,86,warehouse_2021
2021_2022,Óscar Gil,24.0,1997,ESP,DF,Espanyol,Liga,,none,67,warehouse_2021
2021_2022,Iglesias,23.0,1998,ESP,DF,Getafe,Liga,,none,76,warehouse_2021
2021_2022,Jason,27.0,1994,ESP,"MF,FW",Alavés,Liga,,none,75,warehouse_2021
2021_2022,Jason,27.0,1994,ESP,"MF,DF",Valencia,Liga,,none,75,warehouse_2021
2021_2022,Jofre,20.0,2001,ESP,"MF,DF",Espanyol,Liga,,none,56,warehouse_2021
2021_2022,Miguel Juan Llambrich,25.0,1996,ESP,DF,Espanyol,Liga,,none,86,warehouse_2021
2021_2022,Kiké,31.0,1989,ESP,FW,Osasuna,Liga,,none,53,warehouse_2021
2021_2022,Ruben Lendinez,18.0,2003,ESP,DF,Valencia,Liga,,none,62,warehouse_2021
2021_2022,Javier Llabrés,18.0,2002,ESP,"FW,MF",Mallorca,Liga,706138,fuzzy_name_birth_year,92,warehouse_2021
2021_2022,Anthony Lozano,28.0,1993,HON,"FW,MF",Cádiz,Liga,,none,74,warehouse_2021
2021_2022,José Luis Gayà,26.0,1995,ESP,DF,Valencia,Liga,,none,78,warehouse_2021
2021_2022,Luismi,20.0,2001,ESP,"FW,MF",Sevilla,Liga,,none,71,warehouse_2021
2021_2022,Mika Màrmol,19.0,2002,ESP,DF,Barcelona,Liga,,none,70,warehouse_2021
2021_2022,Martín,22.0,1999,ESP,MF,Cádiz,Liga,,none,71,warehouse_2021
2021_2022,Carlos Martín,19.0,2002,ESP,DF,Atlético Madrid,Liga,618813,exact_name_birth_year,100,warehouse_2021
2021_2022,Tomás Mendes,16.0,2004,ESP,MF,Alavés,Liga,646734,exact_name_birth_year,100,warehouse_2021
2021_2022,Jorge Meré,24.0,1997,ESP,DF,Köln,Bundesliga,286779,exact_name_birth_year,100,warehouse_2021
2021_2022,Miguel,21.0,1999,ESP,"FW,MF",Alavés,Liga,,none,71,warehouse_2021
2021_2022,Santi Mina,25.0,1995,ESP,FW,Celta Vigo,Liga,255653,exact_name_birth_year,100,warehouse_2021
2021_2022,Nacho,31.0,1990,ESP,DF,Real Madrid,Liga,,none,50,warehouse_2021
2021_2022,Fernando Niño,20.0,2000,ESP,FW,Mallorca,Liga,,none,76,warehouse_2021
2021_2022,Isaac Palazón Camacho,26.0,1994,ESP,"FW,MF",Rayo Vallecano,Liga,,none,62,warehouse_2021
2021_2022,Luan Peres Petroni,27.0,1994,BRA,DF,Marseille,Ligue 1,,none,71,warehouse_2021
2021_2022,Jaden Philogene Bidace,19.0,2002,ENG,FW,Aston Villa,Premier League,,none,81,warehouse_2021
2021_2022,Antonio Raimondo,17.0,2004,ITA,FW,Bologna,Serie A,818888,exact_name_birth_year,100,warehouse_2021
2021_2022,Jesurun Rak Sakyi,18.0,2002,ENG,"FW,MF",Crystal Palace,Premier League,586834,exact_name_birth_year,100,warehouse_2021
2021_2022,Guilherme Ramos,23.0,1997,POR,DF,Arminia,Bundesliga,,none,87,warehouse_2021
2021_2022,Gio Reyna,18.0,2002,USA,MF,Dortmund,Bundesliga,,none,78,warehouse_2021
2021_2022,Bryan Reynolds,20.0,2001,USA,DF,Roma,Serie A,475208,exact_name_birth_year,100,warehouse_2021
2021_2022,Jon Rowe,18.0,2003,ENG,"FW,MF",Norwich City,Premier League,,none,76,warehouse_2021
2021_2022,Frederik Rønnow,28.0,1992,DEN,GK,Union Berlin,Bundesliga,,none,87,warehouse_2021
2021_2022,Mama Samba Baldé,25.0,1995,GNB,"MF,FW",Troyes,Ligue 1,,none,77,warehouse_2021
2021_2022,Samir Santos,26.0,1994,BRA,DF,Watford,Premier League,,none,78,warehouse_2021
2021_2022,Samir Santos,26.0,1994,BRA,DF,Udinese,Serie A,,none,78,warehouse_2021
2021_2022,Xherdan Shaqiri,29.0,1991,SUI,"FW,MF",Lyon,Ligue 1,86792,exact_name_birth_year,100,warehouse_2021
2021_2022,Aboubakar Sidibé,25.0,1996,FRA,DF,Clermont Foot,Ligue 1,503518,exact_name_birth_year,100,warehouse_2021
2021_2022,Caio Henrique Oliveira Silva,24.0,1997,BRA,DF,Monaco,Ligue 1,,none,63,warehouse_2021
2021_2022,Giuliano Simeone,18.0,2002,ARG,MF,Atlético Madrid,Liga,742201,exact_name_birth_year,100,warehouse_2021
2021_2022,Nelson Sissoko,24.0,1997,FRA,DF,Saint-Étienne,Ligue 1,,none,67,warehouse_2021
2021_2022,Tony Springett,18.0,2002,IRL,"MF,FW",Norwich City,Premier League,570864,exact_name_birth_year,100,warehouse_2021
2021_2022,Jerry St. Juste,24.0,1996,NED,DF,Mainz 05,Bundesliga,,none,77,warehouse_2021
2021_2022,Kostas Stafylidis,27.0,1993,GRE,"DF,MF",Bochum,Bundesliga,,none,85,warehouse_2021
2021_2022,Finley Stevens,18.0,2003,WAL,DF,Brentford,Premier League,,none,88,warehouse_2021
2021_2022,Riccardo Stivanello,17.0,2004,ITA,DF,Bologna,Serie A,818882,exact_name_birth_year,100,warehouse_2021
2021_2022,Jens Stryger Larsen,30.0,1991,DEN,DF,Udinese,Serie A,,none,77,warehouse_2021
2021_2022,Vladyslav Supriaha,21.0,2000,UKR,FW,Sampdoria,Serie A,,none,89,warehouse_2021
2021_2022,Jakob Sørensen,23.0,1998,DEN,"MF,DF",Norwich City,Premier League,,none,76,warehouse_2021
2021_2022,Cheikh Tidiane Sabaly,22.0,1999,SEN,"FW,MF",Metz,Ligue 1,,none,76,warehouse_2021
2021_2022,Timmy Tillman,22.0,1999,GER,MF,Greuther Fürth,Bundesliga,,none,86,warehouse_2021
2021_2022,Mircea Ţîrlea,21.0,2000,ROU,DF,Alavés,Liga,,none,61,warehouse_2021
2021_2022,Umut Tohumcu,16.0,2004,GER,MF,Hoffenheim,Bundesliga,569031,exact_name_birth_year,100,warehouse_2021
2021_2022,Jordan Torunarigha,23.0,1997,GER,DF,Hertha BSC,Bundesliga,227110,exact_name_birth_year,100,warehouse_2021
2021_2022,Kostas Tsimikas,25.0,1996,GRE,DF,Liverpool,Premier League,,none,83,warehouse_2021
2021_2022,Antonio Vacca,31.0,1990,ITA,MF,Venezia,Serie A,,none,79,warehouse_2021
2021_2022,Freddie Veseli,28.0,1992,ALB,DF,Salernitana,Serie A,,none,83,warehouse_2021
2021_2022,Burak Yılmaz,36.0,1985,TUR,FW,Lille,Ligue 1,,none,83,warehouse_2021
2021_2022,Nathan Young-Coombes,18.0,2003,ENG,MF,Brentford,Premier League,581679,exact_name_birth_year,100,warehouse_2021
2021_2022,Andre-Frank Zambo Anguissa,25.0,1995,CMR,MF,Napoli,Serie A,,none,70,warehouse_2021
2021_2022,Milan Đurić,31.0,1990,BIH,FW,Salernitana,Serie A,,none,70,warehouse_2021
2021_2022,Tomás Pina Isla,33.0,1987,ESP,MF,Alavés,Liga,,none,80,warehouse_2021
2021_2022,Isaac Price,17.0,2003,NIR,MF,Everton,Premier League,612749,exact_name_birth_year,100,warehouse_2021
2021_2022,Alejandro Primo,17.0,2004,ESP,GK,Levante,Liga,,none,73,warehouse_2021
2021_2022,Przemysław Płacheta,23.0,1998,POL,"FW,MF",Norwich City,Premier League,,none,77,warehouse_2021
2021_2022,Raúl,20.0,2000,ESP,"FW,DF",Betis,Liga,,none,60,warehouse_2021
2021_2022,Nico Ribaudo,20.0,2001,ESP,"MF,FW",Espanyol,Liga,,none,62,warehouse_2021
2021_2022,Rober,26.0,1995,ESP,DF,Levante,Liga,,none,67,warehouse_2021
2021_2022,Stian Rode Gregersen,26.0,1995,NOR,DF,Bordeaux,Ligue 1,,none,86,warehouse_2021
2021_2022,Rodri,21.0,2000,ESP,FW,Betis,Liga,,none,59,warehouse_2021
2021_2022,Óscar Rodríguez Arnaiz,23.0,1998,ESP,"MF,FW",Getafe,Liga,,none,81,warehouse_2021
2021_2022,Óscar Rodríguez Arnaiz,23.0,1998,ESP,"FW,MF",Sevilla,Liga,,none,81,warehouse_2021
2021_2022,Unai Ropero,19.0,2001,ESP,MF,Alavés,Liga,718029,exact_name_birth_year,100,warehouse_2021
2021_2022,Fabián Ruiz Peña,25.0,1996,ESP,MF,Napoli,Serie A,,none,81,warehouse_2021
2021_2022,Salvi,30.0,1991,ESP,"MF,FW",Cádiz,Liga,,none,60,warehouse_2021
2021_2022,Jesús Santiago,17.0,2004,ESP,MF,Valencia,Liga,,none,77,warehouse_2021
2021_2022,Joan Sastre Vanrell,24.0,1997,ESP,DF,Mallorca,Liga,,none,73,warehouse_2021
2021_2022,Valentino Scotta,19.0,2001,ESP,DF,Sevilla,Liga,,none,73,warehouse_2021
2021_2022,Javier Serrano,18.0,2003,ESP,MF,Atlético Madrid,Liga,668177,fuzzy_name_birth_year,92,warehouse_2021
2021_2022,Nicolás Serrano,18.0,2003,ESP,"MF,FW",Athletic Club,Liga,,none,89,warehouse_2021
2021_2022,Leo Skiri Østigård,21.0,1999,NOR,DF,Genoa,Serie A,,none,79,warehouse_2021
2021_2022,Łukasz Skorupski,30.0,1991,POL,GK,Bologna,Serie A,,none,58,warehouse_2021
2021_2022,Hugo Sotelo,17.0,2003,ESP,FW,Celta Vigo,Liga,892221,exact_name_birth_year,100,warehouse_2021
2021_2022,Marc Tenas,20.0,2001,ESP,"FW,MF",Alavés,Liga,628472,exact_name_birth_year,100,warehouse_2021
2021_2022,Kacper Urbanski,16.0,2004,POL,MF,Bologna,Serie A,699442,exact_name_birth_year,100,warehouse_2021
2021_2022,José Luis García Vayá,22.0,1998,ESP,MF,Levante,Liga,,none,63,warehouse_2021
2021_2022,Gabriel Veiga,19.0,2002,ESP,MF,Celta Vigo,Liga,906749,fuzzy_name_birth_year,96,warehouse_2021
2021_2022,Unai Vencedor Paris,20.0,2000,ESP,MF,Athletic Club,Liga,,none,81,warehouse_2021
2021_2022,Filip Đuričić,29.0,1992,SRB,"MF,FW",Sassuolo,Serie A,,none,69,warehouse_2021
2021_2022,Elba Rashani,28.0,1993,KVX,"FW,MF",Clermont Foot,Ligue 1,,none,89,warehouse_2021
2022_2023,George Abbott,16.0,2005,ENG,MF,Tottenham,Premier League,907215,exact_name_birth_year,100,warehouse_2022
2022_2023,Amar Ahmed,18.0,2004,SWE,FW,Troyes,Ligue 1,,none,73,warehouse_2022
2022_2023,Babatunde Akinsola,19.0,2003,NGA,FW,Valladolid,Liga,,none,88,warehouse_2022
2022_2023,Domingos André Ribeiro Almeida,22.0,2000,POR,MF,Valencia,Liga,,none,60,warehouse_2022
2022_2023,Éder Álvarez Balanta,29.0,1993,COL,"MF,FW",Schalke 04,Bundesliga,,none,75,warehouse_2022
2022_2023,Agustín Álvarez Martínez,21.0,2001,URU,"FW,MF",Sassuolo,Serie A,,none,77,warehouse_2022
2022_2023,Amath,26.0,1996,SEN,"MF,FW",Mallorca,Liga,,none,62,warehouse_2022
2022_2023,Samuel Amo-Ameyaw,16.0,2006,ENG,MF,Southampton,Premier League,933900,exact_name_birth_year,100,warehouse_2022
2022_2023,Valentin Atangana Edoa,16.0,2005,FRA,MF,Reims,Ligue 1,,none,87,warehouse_2022
2022_2023,Ezequiel Ávila,28.0,1994,ARG,"FW,MF",Osasuna,Liga,,none,69,warehouse_2022
2022_2023,Mehmet Aydin,20.0,2002,GER,"DF,FW",Schalke 04,Bundesliga,,none,83,warehouse_2022
2022_2023,Dominic Ballard,17.0,2005,ENG,"FW,MF",Southampton,Premier League,,none,85,warehouse_2022
2022_2023,Leandro Barreiro Martins,22.0,2000,LUX,MF,Mainz 05,Bundesliga,,none,80,warehouse_2022
2022_2023,Alberto Basso,18.0,2004,ITA,MF,Cremonese,Serie A,,none,81,warehouse_2022
2022_2023,Gil Bastião Dias,25.0,1996,POR,FW,Stuttgart,Bundesliga,,none,67,warehouse_2022
2022_2023,Victor Bernth Kristiansen,19.0,2002,DEN,DF,Leicester City,Premier League,,none,87,warehouse_2022
2022_2023,Owen Bevan,18.0,2003,WAL,DF,Bournemouth,Premier League,583990,exact_name_birth_year,100,warehouse_2022
2022_2023,Kouamé Botué,19.0,2002,BFA,"FW,MF",Ajaccio,Ligue 1,,none,64,warehouse_2022
2022_2023,Bilal Brahimi,22.0,2000,ALG,"FW,MF",Nice,Ligue 1,789094,exact_name_birth_year,100,warehouse_2022
2022_2023,Gleison Bremer,25.0,1997,BRA,DF,Juventus,Serie A,,none,73,warehouse_2022
2022_2023,Lewis Brunt,21.0,2000,ENG,DF,Leicester City,Premier League,533657,exact_name_birth_year,100,warehouse_2022
2022_2023,Emi Buendía,25.0,1996,ARG,"MF,FW",Aston Villa,Premier League,,none,81,warehouse_2022
2022_2023,Mohamed Camara,25.0,1997,GUI,MF,Roma,Serie A,426723,exact_name_birth_year,100,warehouse_2022
2022_2023,Chem Campbell,19.0,2002,WAL,"FW,MF",Wolves,Premier League,614603,exact_name_birth_year,100,warehouse_2022
2022_2023,Thomas Cannon,19.0,2002,IRL,FW,Everton,Premier League,,none,87,warehouse_2022
2022_2023,Igor Carioca,25.0,1996,BRA,DF,Lorient,Ligue 1,,none,64,warehouse_2022
2022_2023,Valentín Castellanos,23.0,1998,ARG,FW,Girona,Liga,,none,78,warehouse_2022
2022_2023,Julian Chabot,24.0,1998,GER,DF,Köln,Bundesliga,,none,77,warehouse_2022
2022_2023,Pape Cheikh Diop,24.0,1997,SEN,MF,Elche,Liga,,none,81,warehouse_2022
2022_2023,Bobby Clark,17.0,2005,ENG,MF,Liverpool,Premier League,712117,exact_name_birth_year,100,warehouse_2022
2022_2023,Alexandre Coeff,30.0,1992,FRA,DF,Auxerre,Ligue 1,89450,exact_name_birth_year,100,warehouse_2022
2022_2023,David Costa,21.0,2001,POR,"MF,FW",Lens,Ligue 1,,none,88,warehouse_2022
2022_2023,Matthew Craig,19.0,2003,SCO,MF,Tottenham,Premier League,633659,exact_name_birth_year,100,warehouse_2022
2022_2023,Braian Cufré,25.0,1996,ARG,DF,Mallorca,Liga,401521,exact_name_birth_year,100,warehouse_2022
2022_2023,Damien Da Silva,34.0,1988,FRA,DF,Lyon,Ligue 1,57370,exact_name_birth_year,100,warehouse_2022
2022_2023,Moanes Dabbur,30.0,1992,ISR,FW,Hoffenheim,Bundesliga,,none,80,warehouse_2022
2022_2023,Andréa Dacourt,17.0,2005,FRA,MF,Nice,Ligue 1,1072902,exact_name_birth_year,100,warehouse_2022
2022_2023,Juan David Cabal,21.0,2001,COL,DF,Hellas Verona,Serie A,,none,77,warehouse_2022
2022_2023,Mamadou Diakhon,16.0,2005,FRA,FW,Reims,Ligue 1,1054839,exact_name_birth_year,100,warehouse_2022
2022_2023,Ben Doak,16.0,2005,SCO,FW,Liverpool,Premier League,,none,70,warehouse_2022
2022_2023,Jordan Dongmo,21.0,2001,CMR,MF,Troyes,Ligue 1,,none,69,warehouse_2022
2022_2023,Kami Doyle,16.0,2005,ENG,MF,Southampton,Premier League,864480,exact_name_birth_year,100,warehouse_2022
2022_2023,Dion Drena Beljo,20.0,2002,CRO,FW,Augsburg,Bundesliga,,none,77,warehouse_2022
2022_2023,Mikael Ellertsson,20.0,2002,ISL,"MF,DF",Spezia,Serie A,,none,85,warehouse_2022
2022_2023,Emerson,23.0,1999,BRA,DF,Tottenham,Premier League,687347,exact_name_birth_year,100,warehouse_2022
2022_2023,Nicolás Ezequiel Fernández,22.0,2000,ARG,"MF,DF",Elche,Liga,,none,68,warehouse_2022
2022_2023,Mamadou Fall,19.0,2002,SEN,DF,Villarreal,Liga,,none,69,warehouse_2022
2022_2023,Cheikh Faye,23.0,1999,SEN,FW,Montpellier,Ligue 1,,none,75,warehouse_2022
2022_2023,Ohis Felix Uduokhai,24.0,1997,GER,DF,Augsburg,Bundesliga,,none,85,warehouse_2022
2022_2023,Pablo Galdames Millán,25.0,1996,CHI,MF,Cremonese,Serie A,,none,80,warehouse_2022
2022_2023,Idrissa Gana Gueye,32.0,1989,SEN,MF,Everton,Premier League,,none,84,warehouse_2022
2022_2023,Silvère Ganvoula M'Boussy,26.0,1996,CGO,"FW,MF",Bochum,Bundesliga,,none,78,warehouse_2022
2022_2023,Toti Gomes,23.0,1999,POR,DF,Wolves,Premier League,,none,70,warehouse_2022
2022_2023,Carlos Gruezo,27.0,1995,ECU,MF,Augsburg,Bundesliga,189475,exact_name_birth_year,100,warehouse_2022
2022_2023,Darko Gyabi,18.0,2004,ENG,FW,Leeds United,Premier League,663264,exact_name_birth_year,100,warehouse_2022
2022_2023,Luke Harris,17.0,2005,WAL,"MF,FW",Fulham,Premier League,817612,exact_name_birth_year,100,warehouse_2022
2022_2023,Henrique,28.0,1994,BRA,"DF,FW",Lyon,Ligue 1,,none,73,warehouse_2022
2022_2023,Jack Hinshelwood,17.0,2005,ENG,FW,Brighton,Premier League,867688,exact_name_birth_year,100,warehouse_2022
2022_2023,Joseph Hodge,19.0,2002,IRL,MF,Wolves,Premier League,,none,86,warehouse_2022
2022_2023,Omari Hutchinson,18.0,2003,ENG,FW,Chelsea,Premier League,741238,exact_name_birth_year,100,warehouse_2022
2022_2023,Pierre Højbjerg,26.0,1995,DEN,MF,Tottenham,Premier League,,none,83,warehouse_2022
2022_2023,Antonio Iervolino,19.0,2003,ITA,MF,Salernitana,Serie A,,none,89,warehouse_2022
2022_2023,Igor,24.0,1998,BRA,DF,Fiorentina,Serie A,,none,57,warehouse_2022
2022_2023,Luis Javier Suárez,24.0,1997,COL,FW,Almería,Liga,,none,76,warehouse_2022
2022_2023,Luis Javier Suárez,24.0,1997,COL,FW,Marseille,Ligue 1,,none,76,warehouse_2022
2022_2023,Eli Junior Kroupi,16.0,2006,FRA,"FW,MF",Lorient,Ligue 1,,none,87,warehouse_2022
2022_2023,Hamed Junior Traorè,22.0,2000,CIV,"FW,MF",Bournemouth,Premier League,,none,77,warehouse_2022
2022_2023,Hamed Junior Traorè,22.0,2000,CIV,"MF,FW",Sassuolo,Serie A,,none,77,warehouse_2022
2022_2023,Mathias Jørgensen,32.0,1990,DEN,DF,Brentford,Premier League,,none,60,warehouse_2022
2022_2023,Justin-Noël Kalumba,17.0,2004,FRA,DF,Angers,Ligue 1,,none,85,warehouse_2022
2022_2023,Silas Katompa,23.0,1998,COD,"FW,MF",Stuttgart,Bundesliga,,none,67,warehouse_2022
2022_2023,Kévin Keben Biakolo,18.0,2004,CMR,DF,Toulouse,Ligue 1,,none,73,warehouse_2022
2022_2023,Max Kilman,25.0,1997,ENG,DF,Wolves,Premier League,,none,74,warehouse_2022
2022_2023,Cheick Konaté,18.0,2004,MLI,DF,Clermont Foot,Ligue 1,,none,81,warehouse_2022
2022_2023,Boubakar Kouyaté,25.0,1997,MLI,DF,Montpellier,Ligue 1,,none,71,warehouse_2022
2022_2023,Max Kruse,34.0,1988,GER,"MF,FW",Wolfsburg,Bundesliga,36182,exact_name_birth_year,100,warehouse_2022
2022_2023,Alou Kuol,21.0,2000,AUS,FW,Stuttgart,Bundesliga,,none,60,warehouse_2022
2022_2023,Daniel Kyereh,26.0,1996,GHA,"MF,FW",Freiburg,Bundesliga,,none,84,warehouse_2022
2022_2023,Mohamed Lamine Bayo,24.0,1998,GUI,"FW,MF",Lille,Ligue 1,,none,77,warehouse_2022
2022_2023,Jeremías Ledesma,29.0,1993,ARG,GK,Cádiz,Liga,,none,62,warehouse_2022
2022_2023,Dexter Lembikisa,18.0,2003,JAM,DF,Wolves,Premier League,712099,exact_name_birth_year,100,warehouse_2022
2022_2023,Valentino Livramento,19.0,2002,ENG,"DF,FW",Southampton,Premier League,,none,86,warehouse_2022
2022_2023,Andrey Lunyov,30.0,1991,RUS,GK,Leverkusen,Bundesliga,,none,88,warehouse_2022
2022_2023,Gabriel Magalhães,24.0,1997,BRA,DF,Arsenal,Premier League,,none,69,warehouse_2022
2022_2023,Hianga Mananga Mbock,22.0,1999,FRA,MF,Brest,Ligue 1,,none,71,warehouse_2022
2022_2023,Mariano,28.0,1993,DOM,FW,Real Madrid,Liga,,none,74,warehouse_2022
2022_2023,Keke Maximilian Topp,18.0,2004,GER,FW,Schalke 04,Bundesliga,,none,68,warehouse_2022
2022_2023,Mamadou Mbaye,24.0,1998,SEN,DF,Cádiz,Liga,,none,77,warehouse_2022
2022_2023,Memphis,28.0,1994,NED,FW,Atlético Madrid,Liga,,none,70,warehouse_2022
2022_2023,Memphis,28.0,1994,NED,FW,Barcelona,Liga,,none,70,warehouse_2022
2022_2023,Yıldırım Mert Çetin,25.0,1997,TUR,DF,Lecce,Serie A,,none,69,warehouse_2022
2022_2023,Lewis Miley,16.0,2006,ENG,MF,Newcastle Utd,Premier League,922769,exact_name_birth_year,100,warehouse_2022
2022_2023,Andrew Moran,18.0,2003,IRL,FW,Brighton,Premier League,724537,exact_name_birth_year,100,warehouse_2022
2022_2023,Divin Mubama,17.0,2004,ENG,FW,West Ham,Premier League,670848,exact_name_birth_year,100,warehouse_2022
2022_2023,Enock Mwepu,24.0,1998,ZAM,"FW,MF",Brighton,Premier League,490307,exact_name_birth_year,100,warehouse_2022
2022_2023,Joakim Mæhle,25.0,1997,DEN,"DF,MF",Atalanta,Serie A,,none,67,warehouse_2022
2022_2023,Obite N'Dicka,22.0,1999,CIV,DF,Eint Frankfurt,Bundesliga,,none,62,warehouse_2022
2022_2023,Nathan N'Goumou,22.0,2000,FRA,FW,Toulouse,Ligue 1,,none,67,warehouse_2022
2022_2023,Nathan N'Goumou,22.0,2000,FRA,FW,Gladbach,Bundesliga,,none,67,warehouse_2022
2022_2023,Michel Ndary Adopo,22.0,2000,FRA,"MF,DF",Torino,Serie A,,none,80,warehouse_2022
2022_2023,Samuel Ntanda,17.0,2005,BEL,MF,Sampdoria,Serie A,641036,exact_name_birth_year,100,warehouse_2022
2022_2023,Ethan Nwaneri,15.0,2007,ENG,FW,Arsenal,Premier League,890719,exact_name_birth_year,100,warehouse_2022
2022_2023,Lewis O'Brien,23.0,1998,ENG,MF,Nott'ham Forest,Premier League,560694,exact_name_birth_year,100,warehouse_2022
2022_2023,Odeluga Offiah,19.0,2002,ENG,DF,Brighton,Premier League,567597,exact_name_birth_year,100,warehouse_2022
2022_2023,Marios Oikonomou,29.0,1992,GRE,DF,Sampdoria,Serie A,,none,59,warehouse_2022
2022_2023,Finn Ole Becker,22.0,2000,GER,MF,Hoffenheim,Bundesliga,,none,85,warehouse_2022
2022_2023,Lucas Oliveira Rosa,22.0,2000,BRA,DF,Valladolid,Liga,,none,69,warehouse_2022
2022_2023,David Ozoh,17.0,2005,ENG,FW,Crystal Palace,Premier League,865993,exact_name_birth_year,100,warehouse_2022
2022_2023,Emerson Palmieri,27.0,1994,ITA,DF,West Ham,Premier League,,none,65,warehouse_2022
2022_2023,Ángel Alarcón,18.0,2004,ESP,"FW,MF",Barcelona,Liga,646739,exact_name_birth_year,100,warehouse_2022
2022_2023,Alejandro Alfaro,20.0,2002,ESP,MF,Elche,Liga,720488,exact_name_birth_year,100,warehouse_2022
2022_2023,Josep Antoni Gayá,22.0,2000,ESP,"DF,MF",Mallorca,Liga,,none,74,warehouse_2022
2022_2023,José Antonio,18.0,2004,ESP,"MF,DF",Cádiz,Liga,,none,72,warehouse_2022
2022_2023,Ricard Artero,19.0,2003,ESP,"MF,FW",Girona,Liga,906025,exact_name_birth_year,100,warehouse_2022
2022_2023,Srđan Babić,26.0,1996,SRB,DF,Almería,Liga,,none,70,warehouse_2022
2022_2023,Cala,32.0,1989,ESP,DF,Cádiz,Liga,,none,62,warehouse_2022
2022_2023,Isaac Carcelen,29.0,1993,ESP,DF,Cádiz,Liga,,none,85,warehouse_2022
2022_2023,Carmona,20.0,2002,ESP,"MF,DF",Elche,Liga,,none,67,warehouse_2022
2022_2023,Carmona,20.0,2002,ESP,DF,Sevilla,Liga,,none,67,warehouse_2022
2022_2023,Jonny Castro,28.0,1994,ESP,DF,Wolves,Premier League,,none,62,warehouse_2022
2022_2023,Catena,27.0,1994,ESP,DF,Rayo Vallecano,Liga,,none,60,warehouse_2022
2022_2023,Emil Ceide,20.0,2001,NOR,FW,Sassuolo,Serie A,,none,74,warehouse_2022
2022_2023,Álex Centelles,24.0,1997,ESP,DF,Almería,Liga,,none,71,warehouse_2022
2022_2023,Copete,22.0,1999,ESP,DF,Mallorca,Liga,,none,71,warehouse_2022
2022_2023,Juan Cruz Armada,30.0,1992,ESP,DF,Osasuna,Liga,,none,72,warehouse_2022
2022_2023,Curro,26.0,1996,ESP,MF,Almería,Liga,,none,56,warehouse_2022
2022_2023,Djené,30.0,1991,TOG,DF,Getafe,Liga,,none,56,warehouse_2022
2022_2023,Fernando,32.0,1990,ESP,GK,Almería,Liga,,none,73,warehouse_2022
2022_2023,Salvador Ferrer,24.0,1998,ESP,DF,Spezia,Serie A,,none,89,warehouse_2022
2022_2023,Przemysław Frankowski,27.0,1995,POL,"DF,MF",Lens,Ligue 1,,none,86,warehouse_2022
2022_2023,Aleix Garrido,18.0,2004,ESP,FW,Barcelona,Liga,709966,exact_name_birth_year,100,warehouse_2022
2022_2023,Óscar Gil,25.0,1997,ESP,DF,Espanyol,Liga,,none,67,warehouse_2022
2022_2023,Álvaro Giménez,31.0,1991,ESP,FW,Cádiz,Liga,57935,exact_name_birth_year,100,warehouse_2022
2022_2023,Iglesias,24.0,1998,ESP,"DF,MF",Getafe,Liga,,none,76,warehouse_2022
2022_2023,Isco,30.0,1992,ESP,"MF,FW",Sevilla,Liga,85288,exact_name_birth_year,100,warehouse_2022
2022_2023,Diego Iturralde,19.0,2003,ESP,DF,Sevilla,Liga,,none,64,warehouse_2022
2022_2023,Kiké,32.0,1989,ESP,FW,Osasuna,Liga,,none,53,warehouse_2022
2022_2023,Mateusz Klich,32.0,1990,POL,"MF,FW",Leeds United,Premier League,92738,exact_name_birth_year,100,warehouse_2022
2022_2023,Anthony Lozano,29.0,1993,HON,FW,Cádiz,Liga,,none,74,warehouse_2022
2022_2023,José Luis Gayà,27.0,1995,ESP,DF,Valencia,Liga,,none,78,warehouse_2022
2022_2023,Jon Magunacelaya,22.0,2000,ESP,"MF,FW",Real Sociedad,Liga,,none,65,warehouse_2022
2022_2023,Diego Méndez,18.0,2003,ESP,MF,Rayo Vallecano,Liga,932349,exact_name_birth_year,100,warehouse_2022
2022_2023,Pablo Muñoz,18.0,2003,ESP,MF,Rayo Vallecano,Liga,1045767,exact_name_birth_year,100,warehouse_2022
2022_2023,Nacho,32.0,1990,ESP,DF,Real Madrid,Liga,,none,50,warehouse_2022
2022_2023,Fernando Niño,21.0,2000,ESP,"MF,FW",Villarreal,Liga,,none,76,warehouse_2022
2022_2023,Olasagasti,21.0,2000,ESP,"MF,DF",Real Sociedad,Liga,,none,67,warehouse_2022
2022_2023,Isaac Palazón Camacho,27.0,1994,ESP,"FW,MF",Rayo Vallecano,Liga,,none,62,warehouse_2022
2022_2023,Moises Parra Gutierrez,20.0,2002,ESP,FW,Getafe,Liga,,none,67,warehouse_2022
2022_2023,Pascu,19.0,2003,ESP,"DF,FW",Villarreal,Liga,,none,56,warehouse_2022
2022_2023,Jordan Pefok,26.0,1996,USA,FW,Union Berlin,Bundesliga,,none,73,warehouse_2022
2022_2023,Pepín,25.0,1996,EQG,MF,Monza,Serie A,,none,89,warehouse_2022
2022_2023,Juan Perea,22.0,2000,COL,FW,Stuttgart,Bundesliga,,none,80,warehouse_2022
2022_2023,Cameron Peupion,19.0,2002,AUS,MF,Brighton,Premier League,703626,exact_name_birth_year,100,warehouse_2022
2022_2023,Andrea Ranocchia,34.0,1988,ITA,DF,Monza,Serie A,44327,exact_name_birth_year,100,warehouse_2022
2022_2023,Bobby Reid,29.0,1993,JAM,"FW,DF",Fulham,Premier League,,none,70,warehouse_2022
2022_2023,Gio Reyna,19.0,2002,USA,"FW,MF",Dortmund,Bundesliga,,none,78,warehouse_2022
2022_2023,Alexsandro Ribeiro,22.0,1999,BRA,DF,Lille,Ligue 1,,none,74,warehouse_2022
2022_2023,Franck Ribéry,39.0,1983,FRA,MF,Salernitana,Serie A,22068,exact_name_birth_year,100,warehouse_2022
2022_2023,Connor Ronan,24.0,1998,IRL,MF,Wolves,Premier League,337787,exact_name_birth_year,100,warehouse_2022
2022_2023,Kays Ruiz,19.0,2002,FRA,MF,Auxerre,Ligue 1,,none,78,warehouse_2022
2022_2023,Frederik Rønnow,29.0,1992,DEN,GK,Union Berlin,Bundesliga,,none,87,warehouse_2022
2022_2023,Mama Samba Baldé,26.0,1995,GNB,FW,Troyes,Ligue 1,,none,77,warehouse_2022
2022_2023,Caio Henrique Oliveira Silva,25.0,1997,BRA,DF,Monaco,Ligue 1,,none,63,warehouse_2022
2022_2023,Arnaud Souquet,30.0,1992,FRA,"DF,FW",Montpellier,Ligue 1,111058,exact_name_birth_year,100,warehouse_2022
2022_2023,Vinicius Souza,23.0,1999,BRA,MF,Espanyol,Liga,,none,83,warehouse_2022
2022_2023,Kostas Stafylidis,28.0,1993,GRE,"DF,MF",Bochum,Bundesliga,,none,85,warehouse_2022
2022_2023,Jay Stansfield,19.0,2002,ENG,FW,Fulham,Premier League,696346,exact_name_birth_year,100,warehouse_2022
2022_2023,Souleymane Touré,19.0,2003,FRA,DF,Marseille,Ligue 1,,none,65,warehouse_2022
2022_2023,Souleymane Touré,19.0,2003,FRA,DF,Auxerre,Ligue 1,,none,65,warehouse_2022
2022_2023,Kostas Tsimikas,26.0,1996,GRE,DF,Liverpool,Premier League,,none,83,warehouse_2022
2022_2023,Harvey White,20.0,2001,ENG,MF,Tottenham,Premier League,581598,exact_name_birth_year,100,warehouse_2022
2022_2023,Illia Zabarnyi,19.0,2002,UKR,DF,Bournemouth,Premier League,,none,89,warehouse_2022
2022_2023,Andre-Frank Zambo Anguissa,26.0,1995,CMR,MF,Napoli,Serie A,,none,70,warehouse_2022
2022_2023,Milan Đurić,32.0,1990,BIH,FW,Hellas Verona,Serie A,,none,70,warehouse_2022
2022_2023,Francisco Perez,19.0,2002,ESP,"FW,MF",Valencia,Liga,,none,80,warehouse_2022
2022_2023,Gerard Piqué,35.0,1987,ESP,DF,Barcelona,Liga,18944,exact_name_birth_year,100,warehouse_2022
2022_2023,Łukasz Poręba,22.0,2000,POL,MF,Lens,Ligue 1,,none,58,warehouse_2022
2022_2023,Alejandro Pozo Pozo,23.0,1999,ESP,DF,Almería,Liga,,none,65,warehouse_2022
2022_2023,Isaac Price,18.0,2003,NIR,MF,Everton,Premier League,612749,exact_name_birth_year,100,warehouse_2022
2022_2023,Ivan Radovanović,33.0,1988,SRB,"MF,DF",Salernitana,Serie A,46105,exact_name_birth_year,100,warehouse_2022
2022_2023,Alejandro Revuelta Montero,22.0,2000,ESP,DF,Getafe,Liga,,none,70,warehouse_2022
2022_2023,Nico Ribaudo,21.0,2001,ESP,"MF,FW",Espanyol,Liga,,none,62,warehouse_2022
2022_2023,Joel Roca,17.0,2005,ESP,"MF,FW",Girona,Liga,895326,exact_name_birth_year,100,warehouse_2022
2022_2023,Rodri,22.0,2000,ESP,"FW,MF",Betis,Liga,,none,59,warehouse_2022
2022_2023,Óscar Rodríguez Arnaiz,24.0,1998,ESP,MF,Celta Vigo,Liga,,none,81,warehouse_2022
2022_2023,Fabián Ruiz Peña,26.0,1996,ESP,MF,Paris S-G,Ligue 1,,none,81,warehouse_2022
2022_2023,Dikeni-Rafid Salifou,19.0,2003,TOG,MF,Werder Bremen,Bundesliga,,none,82,warehouse_2022
2022_2023,Salvi,31.0,1991,ESP,"FW,MF",Rayo Vallecano,Liga,,none,60,warehouse_2022
2022_2023,Simo,17.0,2005,ESP,DF,Espanyol,Liga,,none,57,warehouse_2022
2022_2023,Leo Skiri Østigård,22.0,1999,NOR,DF,Napoli,Serie A,,none,79,warehouse_2022
2022_2023,Łukasz Skorupski,31.0,1991,POL,GK,Bologna,Serie A,,none,58,warehouse_2022
2022_2023,Gabriel Veiga,20.0,2002,ESP,MF,Celta Vigo,Liga,906749,fuzzy_name_birth_year,96,warehouse_2022
2022_2023,Unai Vencedor Paris,21.0,2000,ESP,MF,Athletic Club,Liga,,none,81,warehouse_2022
2022_2023,Lamine Yamal,15.0,2007,ESP,FW,Barcelona,Liga,937958,exact_name_birth_year,100,warehouse_2022
2022_2023,Filip Đuričić,30.0,1992,SRB,"MF,FW",Sampdoria,Serie A,,none,69,warehouse_2022
2022_2023,Elba Rashani,29.0,1993,KVX,"MF,FW",Clermont Foot,Ligue 1,,none,89,warehouse_2022
2023_2024,Keyliane Abdallah,17.0,2006,FRA,FW,Marseille,Ligue 1,1183719,exact_name_birth_year,100,warehouse_2023
2023_2024,Joshua Acheampong,17.0,2006,ENG,DF,Chelsea,Premier League,1004708,fuzzy_name_birth_year,94,warehouse_2023
2023_2024,David Akpan Ankeye,21.0,2002,NGA,FW,Genoa,Serie A,,none,80,warehouse_2023
2023_2024,Domingos André Ribeiro Almeida,23.0,2000,POR,"FW,MF",Valencia,Liga,,none,60,warehouse_2023
2023_2024,Amath,27.0,1996,SEN,"FW,MF",Mallorca,Liga,,none,62,warehouse_2023
2023_2024,Michael Amir Murillo,27.0,1996,PAN,DF,Marseille,Ligue 1,,none,75,warehouse_2023
2023_2024,Asaf Arania,17.0,2005,ISR,MF,Darmstadt 98,Bundesliga,917014,exact_name_birth_year,100,warehouse_2023
2023_2024,Valentin Atangana Edoa,17.0,2005,FRA,MF,Reims,Ligue 1,,none,87,warehouse_2023
2023_2024,Yann Aurel Bisseck,22.0,2000,GER,DF,Inter,Serie A,,none,80,warehouse_2023
2023_2024,Ezequiel Ávila,29.0,1994,ARG,"FW,MF",Osasuna,Liga,,none,69,warehouse_2023
2023_2024,Ezequiel Ávila,29.0,1994,ARG,FW,Betis,Liga,,none,69,warehouse_2023
2023_2024,Aliou Badara Baldé,20.0,2002,GUI,"FW,DF",Nice,Ligue 1,,none,76,warehouse_2023
2023_2024,Daniel Bandeira,23.0,2000,POR,MF,Hellas Verona,Serie A,,none,73,warehouse_2023
2023_2024,Leandro Barreiro Martins,23.0,2000,LUX,MF,Mainz 05,Bundesliga,,none,80,warehouse_2023
2023_2024,Anis Ben Slimane,22.0,2001,TUN,MF,Sheffield Utd,Premier League,,none,86,warehouse_2023
2023_2024,Carlos Benavídez,25.0,1998,URU,MF,Alavés,Liga,,none,64,warehouse_2023
2023_2024,Jóhann Berg Guðmundsson,32.0,1990,ISL,"MF,FW",Burnley,Premier League,,none,65,warehouse_2023
2023_2024,Victor Bernth Kristiansen,20.0,2002,DEN,DF,Bologna,Serie A,,none,84,warehouse_2023
2023_2024,Jan-Niklas Beste,24.0,1999,GER,"FW,MF",Heidenheim,Bundesliga,,none,86,warehouse_2023
2023_2024,Benicio Boaitey,19.0,2004,ENG,"FW,DF",Brighton,Premier League,,none,83,warehouse_2023
2023_2024,Mohamed Bouchenna,17.0,2006,FRA,"MF,FW",Clermont Foot,Ligue 1,,none,85,warehouse_2023
2023_2024,Bilal Brahimi,23.0,2000,ALG,FW,Nice,Ligue 1,789094,exact_name_birth_year,100,warehouse_2023
2023_2024,Bilal Brahimi,23.0,2000,ALG,"FW,MF",Brest,Ligue 1,789094,exact_name_birth_year,100,warehouse_2023
2023_2024,Gleison Bremer,26.0,1997,BRA,DF,Juventus,Serie A,,none,73,warehouse_2023
2023_2024,Ben Brereton,24.0,1999,CHI,"FW,MF",Sheffield Utd,Premier League,,none,83,warehouse_2023
2023_2024,Ben Brereton,24.0,1999,CHI,"FW,MF",Villarreal,Liga,,none,83,warehouse_2023
2023_2024,Bennit Bröger,17.0,2006,GER,FW,Wolfsburg,Bundesliga,897479,exact_name_birth_year,100,warehouse_2023
2023_2024,Rareș-Cătălin Burnete,19.0,2004,ROU,FW,Lecce,Serie A,,none,76,warehouse_2023
2023_2024,Thomas Cannon,20.0,2002,IRL,FW,Everton,Premier League,,none,87,warehouse_2023
2023_2024,Igor Carioca,26.0,1996,BRA,"DF,MF",Lorient,Ligue 1,,none,64,warehouse_2023
2023_2024,Kaelan Casey,18.0,2004,ENG,DF,West Ham,Premier League,845321,exact_name_birth_year,100,warehouse_2023
2023_2024,Valentín Castellanos,24.0,1998,ARG,FW,Lazio,Serie A,,none,78,warehouse_2023
2023_2024,Julian Chabot,25.0,1998,GER,DF,Köln,Bundesliga,,none,77,warehouse_2023
2023_2024,Tawanda Chirewa,19.0,2003,ZIM,"MF,FW",Wolves,Premier League,724783,exact_name_birth_year,100,warehouse_2023
2023_2024,Nikita Contini Baranovsky,27.0,1996,ITA,GK,Napoli,Serie A,,none,72,warehouse_2023
2023_2024,David Costa,22.0,2001,POR,MF,Lens,Ligue 1,,none,88,warehouse_2023
2023_2024,Crespo,26.0,1996,POR,MF,Rayo Vallecano,Liga,,none,63,warehouse_2023
2023_2024,Juan Cruz,24.0,1999,ARG,"FW,MF",Hellas Verona,Serie A,,none,72,warehouse_2023
2023_2024,Sam Curtis,17.0,2005,IRL,DF,Sheffield Utd,Premier League,741267,exact_name_birth_year,100,warehouse_2023
2023_2024,Jayden Danns,17.0,2006,ENG,FW,Liverpool,Premier League,939290,exact_name_birth_year,100,warehouse_2023
2023_2024,Juan David Cabal,22.0,2001,COL,DF,Hellas Verona,Serie A,,none,77,warehouse_2023
2023_2024,Amadou Diallo,20.0,2003,ENG,MF,Newcastle Utd,Premier League,533086,exact_name_birth_year,100,warehouse_2023
2023_2024,Ben Doak,17.0,2005,SCO,FW,Liverpool,Premier League,,none,70,warehouse_2023
2023_2024,Jamie Donley,18.0,2005,ENG,FW,Tottenham,Premier League,796305,exact_name_birth_year,100,warehouse_2023
2023_2024,Douglas,26.0,1997,BRA,MF,Nantes,Ligue 1,,none,64,warehouse_2023
2023_2024,Dion Drena Beljo,21.0,2002,CRO,"FW,MF",Augsburg,Bundesliga,,none,77,warehouse_2023
2023_2024,Emanuel Emegha,20.0,2003,NED,FW,Strasbourg,Ligue 1,,none,69,warehouse_2023
2023_2024,Emerson,24.0,1999,BRA,DF,Tottenham,Premier League,687347,exact_name_birth_year,100,warehouse_2023
2023_2024,Karl Etta,19.0,2003,CMR,FW,Cádiz,Liga,,none,75,warehouse_2023
2023_2024,Ilhan Fakili,17.0,2006,FRA,"MF,FW",Clermont Foot,Ligue 1,1047101,exact_name_birth_year,100,warehouse_2023
2023_2024,Ohis Felix Uduokhai,25.0,1997,GER,DF,Augsburg,Bundesliga,,none,85,warehouse_2023
2023_2024,Rachad Fettal,18.0,2005,MAR,FW,Almería,Liga,891310,exact_name_birth_year,100,warehouse_2023
2023_2024,Tiago Fonseca Morais,19.0,2003,POR,FW,Lille,Ligue 1,,none,75,warehouse_2023
2023_2024,Pablo Galdames Millán,26.0,1996,CHI,"MF,DF",Genoa,Serie A,,none,80,warehouse_2023
2023_2024,Idrissa Gana Gueye,33.0,1989,SEN,MF,Everton,Premier League,,none,84,warehouse_2023
2023_2024,Anwar El Ghazi,28.0,1995,NED,"MF,DF",Mainz 05,Bundesliga,183720,exact_name_birth_year,100,warehouse_2023
2023_2024,Toti Gomes,24.0,1999,POR,DF,Wolves,Premier League,,none,70,warehouse_2023
2023_2024,Papu Gómez,35.0,1988,ARG,"MF,FW",Monza,Serie A,20005,exact_name_birth_year,100,warehouse_2023
2023_2024,Kaide Gordon,18.0,2004,ENG,FW,Liverpool,Premier League,732119,exact_name_birth_year,100,warehouse_2023
2023_2024,Daniel Gore,18.0,2004,ENG,MF,Manchester Utd,Premier League,,none,84,warehouse_2023
2023_2024,Antwoine Hackford,19.0,2004,ENG,FW,Sheffield Utd,Premier League,670859,exact_name_birth_year,100,warehouse_2023
2023_2024,Luke Harris,18.0,2005,WAL,MF,Fulham,Premier League,817612,exact_name_birth_year,100,warehouse_2023
2023_2024,Henrique,29.0,1994,BRA,DF,Lyon,Ligue 1,,none,73,warehouse_2023
2023_2024,Pierre Højbjerg,27.0,1995,DEN,MF,Tottenham,Premier League,,none,83,warehouse_2023
2023_2024,Igor,25.0,1998,BRA,DF,Brighton,Premier League,,none,57,warehouse_2023
2023_2024,Joel Imasuen,18.0,2004,USA,FW,Werder Bremen,Bundesliga,797563,exact_name_birth_year,100,warehouse_2023
2023_2024,Nuha Jatta,17.0,2006,GAM,FW,RB Leipzig,Bundesliga,974561,exact_name_birth_year,100,warehouse_2023
2023_2024,Luis Javier Suárez,25.0,1997,COL,FW,Almería,Liga,,none,76,warehouse_2023
2023_2024,Ryan John Giles,23.0,2000,ENG,"DF,MF",Luton Town,Premier League,,none,83,warehouse_2023
2023_2024,Joseph Johnson,17.0,2006,ENG,DF,Luton Town,Premier League,,none,59,warehouse_2023
2023_2024,Mads Juel Andersen,25.0,1997,DEN,DF,Luton Town,Premier League,,none,87,warehouse_2023
2023_2024,Eli Junior Kroupi,17.0,2006,FRA,"FW,MF",Lorient,Ligue 1,,none,87,warehouse_2023
2023_2024,Hamed Junior Traorè,23.0,2000,CIV,MF,Bournemouth,Premier League,,none,77,warehouse_2023
2023_2024,Hamed Junior Traorè,23.0,2000,CIV,MF,Napoli,Serie A,,none,77,warehouse_2023
2023_2024,Mathias Jørgensen,33.0,1990,DEN,DF,Brentford,Premier League,,none,60,warehouse_2023
2023_2024,Yaya Kader Fofana,19.0,2004,MLI,"MF,DF",Reims,Ligue 1,,none,79,warehouse_2023
2023_2024,Silas Katompa,24.0,1998,COD,"FW,MF",Stuttgart,Bundesliga,,none,67,warehouse_2023
2023_2024,Kévin Keben Biakolo,19.0,2004,CMR,DF,Toulouse,Ligue 1,,none,73,warehouse_2023
2023_2024,Omari Kellyman,17.0,2005,ENG,FW,Aston Villa,Premier League,926135,exact_name_birth_year,100,warehouse_2023
2023_2024,Max Kilman,26.0,1997,ENG,DF,Wolves,Premier League,,none,74,warehouse_2023
2023_2024,Cheick Konaté,19.0,2004,MLI,DF,Clermont Foot,Ligue 1,,none,81,warehouse_2023
2023_2024,Abdoul Koné,18.0,2005,FRA,DF,Reims,Ligue 1,1130445,exact_name_birth_year,100,warehouse_2023
2023_2024,N'Guessan Kouadio,20.0,2003,CIV,"MF,FW",Metz,Ligue 1,,none,71,warehouse_2023
2023_2024,Boubakar Kouyaté,26.0,1997,MLI,DF,Montpellier,Ligue 1,,none,71,warehouse_2023
2023_2024,Mohamed Lamine Bayo,25.0,1998,GUI,FW,Le Havre,Ligue 1,,none,77,warehouse_2023
2023_2024,Vincent Le Goff,33.0,1989,FRA,"DF,MF",Lorient,Ligue 1,120651,exact_name_birth_year,100,warehouse_2023
2023_2024,Jeremías Ledesma,30.0,1993,ARG,GK,Cádiz,Liga,,none,62,warehouse_2023
2023_2024,Valentino Livramento,20.0,2002,ENG,DF,Newcastle Utd,Premier League,,none,86,warehouse_2023
2023_2024,Abou Lô,23.0,2000,SEN,"MF,DF",Metz,Ligue 1,,none,74,warehouse_2023
2023_2024,Andy Logbo,19.0,2004,FRA,FW,Le Havre,Ligue 1,,none,64,warehouse_2023
2023_2024,Lucas,22.0,2001,BRA,DF,Cádiz,Liga,,none,80,warehouse_2023
2023_2024,Joshua M'Bahia,18.0,2005,CIV,MF,Clermont Foot,Ligue 1,,none,69,warehouse_2023
2023_2024,Gabriel Magalhães,25.0,1997,BRA,DF,Arsenal,Premier League,,none,69,warehouse_2023
2023_2024,Hianga Mananga Mbock,23.0,1999,FRA,"MF,FW",Brest,Ligue 1,,none,71,warehouse_2023
2023_2024,Kostas Manolas,32.0,1991,GRE,DF,Salernitana,Serie A,,none,82,warehouse_2023
2023_2024,Mariano,29.0,1993,DOM,"FW,MF",Sevilla,Liga,,none,74,warehouse_2023
2023_2024,Mamadou Mbaye,25.0,1998,SEN,DF,Cádiz,Liga,,none,77,warehouse_2023
2023_2024,Christ Mbondi,18.0,2004,FRA,FW,Reims,Ligue 1,,none,71,warehouse_2023
2023_2024,Oliver McBurnie,27.0,1996,SCO,FW,Sheffield Utd,Premier League,,none,89,warehouse_2023
2023_2024,James McConnell,18.0,2004,ENG,MF,Liverpool,Premier League,845289,exact_name_birth_year,100,warehouse_2023
2023_2024,Hannibal Mejbri,20.0,2003,TUN,"MF,FW",Manchester Utd,Premier League,,none,70,warehouse_2023
2023_2024,Hannibal Mejbri,20.0,2003,TUN,MF,Sevilla,Liga,,none,70,warehouse_2023
2023_2024,Memphis,29.0,1994,NED,FW,Atlético Madrid,Liga,,none,70,warehouse_2023
2023_2024,Omenuke Mfulu,29.0,1994,COD,"MF,FW",Las Palmas,Liga,,none,87,warehouse_2023
2023_2024,Max Moerstedt,,,GER,"DF,FW",Hoffenheim,Bundesliga,,none,,warehouse_2023
2023_2024,Enzo Mongo,18.0,2005,FRA,DF,Nantes,Ligue 1,1119455,exact_name_birth_year,100,warehouse_2023
2023_2024,Mikey Moore,15.0,2007,ENG,MF,Tottenham,Premier League,1011147,exact_name_birth_year,100,warehouse_2023
2023_2024,Finley Munroe,18.0,2005,ENG,MF,Aston Villa,Premier League,845723,exact_name_birth_year,100,warehouse_2023
2023_2024,Alex Murphy,19.0,2004,IRL,"DF,FW",Newcastle Utd,Premier League,900601,exact_name_birth_year,100,warehouse_2023
2023_2024,Joakim Mæhle,26.0,1997,DEN,"DF,MF",Wolfsburg,Bundesliga,,none,67,warehouse_2023
2023_2024,Obite N'Dicka,23.0,1999,CIV,DF,Roma,Serie A,,none,62,warehouse_2023
2023_2024,Nathan N'Goumou,23.0,2000,FRA,"FW,MF",Gladbach,Bundesliga,,none,67,warehouse_2023
2023_2024,Michel Ndary Adopo,23.0,2000,FRA,MF,Atalanta,Serie A,,none,80,warehouse_2023
2023_2024,Massamba Ndiaye,21.0,2001,SEN,GK,Clermont Foot,Ligue 1,,none,65,warehouse_2023
2023_2024,Michael Ndiweni,19.0,2003,ENG,FW,Newcastle Utd,Premier League,698151,exact_name_birth_year,100,warehouse_2023
2023_2024,Zack Nelson,18.0,2004,ENG,"MF,DF",Luton Town,Premier League,,none,57,warehouse_2023
2023_2024,Kasim Nuhu,28.0,1995,GHA,DF,Hoffenheim,Bundesliga,,none,56,warehouse_2023
2023_2024,Ethan Nwaneri,16.0,2007,ENG,FW,Arsenal,Premier League,890719,exact_name_birth_year,100,warehouse_2023
2023_2024,Simeon Nwankwo,31.0,1992,NGA,FW,Salernitana,Serie A,,none,60,warehouse_2023
2023_2024,Mark O'Mahony,18.0,2005,IRL,FW,Brighton,Premier League,943549,exact_name_birth_year,100,warehouse_2023
2023_2024,Odeluga Offiah,20.0,2002,ENG,DF,Brighton,Premier League,567597,exact_name_birth_year,100,warehouse_2023
2023_2024,Michael Olakigbe,19.0,2004,ENG,"DF,FW",Brentford,Premier League,734425,exact_name_birth_year,100,warehouse_2023
2023_2024,Finn Ole Becker,23.0,2000,GER,MF,Hoffenheim,Bundesliga,,none,85,warehouse_2023
2023_2024,Ryan One,17.0,2006,SCO,FW,Sheffield Utd,Premier League,1031293,exact_name_birth_year,100,warehouse_2023
2023_2024,Royce Openda Owaga,21.0,2002,GAB,FW,Lorient,Ligue 1,,none,80,warehouse_2023
2023_2024,Patrick Ouotro,17.0,2005,CIV,FW,Strasbourg,Ligue 1,1099652,exact_name_birth_year,100,warehouse_2023
2023_2024,David Ozoh,18.0,2005,ENG,"MF,DF",Crystal Palace,Premier League,865993,exact_name_birth_year,100,warehouse_2023
2023_2024,Emerson Palmieri,28.0,1994,ITA,DF,West Ham,Premier League,,none,65,warehouse_2023
2023_2024,Ben Parkinson,18.0,2005,ENG,FW,Newcastle Utd,Premier League,922764,exact_name_birth_year,100,warehouse_2023
2023_2024,Miguel Ángel Rubio,25.0,1998,ESP,DF,Granada,Liga,,none,80,warehouse_2023
2023_2024,José Arnaiz,28.0,1995,ESP,"FW,MF",Osasuna,Liga,,none,76,warehouse_2023
2023_2024,Srđan Babić,27.0,1996,SRB,DF,Almería,Liga,,none,70,warehouse_2023
2023_2024,Adri Bosch,22.0,2001,ESP,DF,Granada,Liga,,none,70,warehouse_2023
2023_2024,Brau,21.0,2001,ESP,DF,Granada,Liga,,none,60,warehouse_2023
2023_2024,Isaac Carcelen,30.0,1993,ESP,DF,Cádiz,Liga,,none,85,warehouse_2023
2023_2024,Cárdenas,26.0,1997,ESP,GK,Rayo Vallecano,Liga,,none,76,warehouse_2023
2023_2024,Carmona,21.0,2002,ESP,"DF,MF",Getafe,Liga,,none,67,warehouse_2023
2023_2024,Jonny Castro,29.0,1994,ESP,MF,Wolves,Premier League,,none,62,warehouse_2023
2023_2024,Catena,28.0,1994,ESP,DF,Osasuna,Liga,,none,60,warehouse_2023
2023_2024,Emil Ceide,21.0,2001,NOR,"FW,MF",Sassuolo,Serie A,,none,74,warehouse_2023
2023_2024,Álex Centelles,25.0,1997,ESP,DF,Almería,Liga,,none,71,warehouse_2023
2023_2024,Silvi Clúa,18.0,2005,ESP,MF,Girona,Liga,1061660,fuzzy_name_birth_year,90,warehouse_2023
2023_2024,Copete,23.0,1999,ESP,DF,Mallorca,Liga,,none,71,warehouse_2023
2023_2024,Cristian,25.0,1998,ESP,GK,Valencia,Liga,,none,76,warehouse_2023
2023_2024,Juan Cruz Armada,31.0,1992,ESP,DF,Osasuna,Liga,,none,72,warehouse_2023
2023_2024,Djené,31.0,1991,TOG,"DF,MF",Getafe,Liga,,none,56,warehouse_2023
2023_2024,Fernando,33.0,1990,ESP,GK,Almería,Liga,,none,73,warehouse_2023
2023_2024,Przemysław Frankowski,28.0,1995,POL,DF,Lens,Ligue 1,,none,86,warehouse_2023
2023_2024,Jastin García,19.0,2004,ESP,FW,Girona,Liga,1061665,exact_name_birth_year,100,warehouse_2023
2023_2024,Santiago García,21.0,2001,ESP,FW,Getafe,Liga,,none,89,warehouse_2023
2023_2024,Gelabert,22.0,2000,ESP,"MF,FW",Toulouse,Ligue 1,,none,73,warehouse_2023
2023_2024,Iñaki González,19.0,2004,ESP,MF,Las Palmas,Liga,1019408,exact_name_birth_year,100,warehouse_2023
2023_2024,Urko González,22.0,2001,ESP,MF,Real Sociedad,Liga,,none,81,warehouse_2023
2023_2024,Álex Grimaldo,27.0,1995,ESP,DF,Leverkusen,Bundesliga,,none,77,warehouse_2023
2023_2024,Juan Herzog,20.0,2003,ESP,DF,Las Palmas,Liga,,none,64,warehouse_2023
2023_2024,Xabier Huarte Armendáriz,22.0,2001,ESP,MF,Osasuna,Liga,,none,63,warehouse_2023
2023_2024,Iglesias,25.0,1998,ESP,"DF,FW",Getafe,Liga,,none,76,warehouse_2023
2023_2024,Imanol,23.0,2000,ESP,DF,Athletic Club,Liga,,none,67,warehouse_2023
2023_2024,Diego Iturralde,20.0,2003,ESP,DF,Sevilla,Liga,,none,64,warehouse_2023
2023_2024,Alejandro Jiménez,18.0,2005,ESP,DF,Milan,Serie A,,none,79,warehouse_2023
2023_2024,Jordi,22.0,2001,ESP,"MF,DF",Getafe,Liga,,none,59,warehouse_2023
2023_2024,Kiké,33.0,1989,ESP,"FW,MF",Alavés,Liga,,none,53,warehouse_2023
2023_2024,Ruben Lendinez,20.0,2003,ESP,DF,Valencia,Liga,,none,62,warehouse_2023
2023_2024,Anthony Lozano,30.0,1993,HON,"MF,FW",Getafe,Liga,,none,74,warehouse_2023
2023_2024,Anthony Lozano,30.0,1993,HON,FW,Almería,Liga,,none,74,warehouse_2023
2023_2024,José Luis Gayà,28.0,1995,ESP,DF,Valencia,Liga,,none,78,warehouse_2023
2023_2024,Jon Magunacelaya,23.0,2000,ESP,"FW,MF",Real Sociedad,Liga,,none,65,warehouse_2023
2023_2024,Radosław Majecki,23.0,1999,POL,GK,Monaco,Ligue 1,,none,81,warehouse_2023
2023_2024,Mika Màrmol,21.0,2002,ESP,DF,Las Palmas,Liga,,none,70,warehouse_2023
2023_2024,Marvin,23.0,2000,ESP,"FW,DF",Las Palmas,Liga,,none,71,warehouse_2023
2023_2024,Diego Méndez,19.0,2003,ESP,MF,Rayo Vallecano,Liga,932349,exact_name_birth_year,100,warehouse_2023
2023_2024,Miguel,23.0,1999,ESP,"FW,MF",Alavés,Liga,,none,71,warehouse_2023
2023_2024,Nacho,33.0,1990,ESP,DF,Real Madrid,Liga,,none,50,warehouse_2023
2023_2024,Jonathan Norbye,16.0,2007,NOR,MF,RB Leipzig,Bundesliga,1006916,exact_name_birth_year,100,warehouse_2023
2023_2024,Olasagasti,22.0,2000,ESP,MF,Real Sociedad,Liga,,none,67,warehouse_2023
2023_2024,Samu Omorodion,19.0,2004,ESP,FW,Alavés,Liga,,none,64,warehouse_2023
2023_2024,Samu Omorodion,19.0,2004,ESP,FW,Granada,Liga,,none,64,warehouse_2023
2023_2024,Isaac Palazón Camacho,28.0,1994,ESP,"MF,FW",Rayo Vallecano,Liga,,none,62,warehouse_2023
2023_2024,Pascu,20.0,2003,ESP,FW,Villarreal,Liga,,none,56,warehouse_2023
2023_2024,Nicolás Paz,18.0,2004,ARG,"MF,FW",Real Madrid,Liga,,none,84,warehouse_2023
2023_2024,Myles Peart-Harris,20.0,2002,ENG,"DF,MF",Brentford,Premier League,587002,exact_name_birth_year,100,warehouse_2023
2023_2024,Sydie Peck,18.0,2004,ENG,MF,Sheffield Utd,Premier League,745851,exact_name_birth_year,100,warehouse_2023
2023_2024,Jordan Pefok,27.0,1996,USA,FW,Gladbach,Bundesliga,,none,73,warehouse_2023
2023_2024,Jordan Pefok,27.0,1996,USA,FW,Union Berlin,Bundesliga,,none,73,warehouse_2023
2023_2024,Aurélien Pelon,19.0,2004,FRA,DF,Lorient,Ligue 1,918268,exact_name_birth_year,100,warehouse_2023
2023_2024,Faris Pemi Moumbagna,23.0,2000,CMR,FW,Marseille,Ligue 1,,none,86,warehouse_2023
2023_2024,Pepín,26.0,1996,EQG,"MF,FW",Monza,Serie A,,none,89,warehouse_2023
2023_2024,Jaden Philogene Bidace,21.0,2002,ENG,FW,Aston Villa,Premier League,,none,81,warehouse_2023
2023_2024,Paul Pogba,30.0,1993,FRA,MF,Juventus,Serie A,122153,exact_name_birth_year,100,warehouse_2023
2023_2024,Sanjin Prcić,29.0,1993,BIH,MF,Strasbourg,Ligue 1,125783,exact_name_birth_year,100,warehouse_2023
2023_2024,Abdellah Raihani,19.0,2004,MAR,FW,Atlético Madrid,Liga,,none,86,warehouse_2023
2023_2024,Grant Ranos,20.0,2003,ARM,"MF,FW",Gladbach,Bundesliga,,none,81,warehouse_2023
2023_2024,Abderrahman Rebbach,24.0,1998,ALG,"FW,MF",Alavés,Liga,,none,77,warehouse_2023
2023_2024,Bobby Reid,30.0,1993,JAM,FW,Fulham,Premier League,,none,70,warehouse_2023
2023_2024,Gio Reyna,20.0,2002,USA,"FW,MF",Nott'ham Forest,Premier League,,none,78,warehouse_2023
2023_2024,Gio Reyna,20.0,2002,USA,"MF,FW",Dortmund,Bundesliga,,none,78,warehouse_2023
2023_2024,Alexsandro Ribeiro,23.0,1999,BRA,DF,Lille,Ligue 1,,none,74,warehouse_2023
2023_2024,Pelly Ruddock Mpanzu,30.0,1993,COD,MF,Luton Town,Premier League,,none,47,warehouse_2023
2023_2024,Frederik Rønnow,30.0,1992,DEN,GK,Union Berlin,Bundesliga,,none,87,warehouse_2023
2023_2024,Dominic Sadi,19.0,2003,ENG,FW,Bournemouth,Premier League,936901,exact_name_birth_year,100,warehouse_2023
2023_2024,Mamadou Sakho,33.0,1990,FRA,DF,Montpellier,Ligue 1,47713,exact_name_birth_year,100,warehouse_2023
2023_2024,Mama Samba Baldé,27.0,1995,GNB,"FW,MF",Lyon,Ligue 1,,none,77,warehouse_2023
2023_2024,Sávio,19.0,2004,BRA,"FW,MF",Girona,Liga,,none,83,warehouse_2023
2023_2024,Dane Scarlett,19.0,2004,ENG,FW,Tottenham,Premier League,670883,exact_name_birth_year,100,warehouse_2023
2023_2024,Caio Henrique Oliveira Silva,26.0,1997,BRA,DF,Monaco,Ligue 1,,none,63,warehouse_2023
2023_2024,Jailson Siqueira,27.0,1995,BRA,"DF,MF",Celta Vigo,Liga,,none,67,warehouse_2023
2023_2024,Vinicius Souza,24.0,1999,BRA,MF,Sheffield Utd,Premier League,,none,83,warehouse_2023
2023_2024,Musa Al-Taamari,26.0,1997,JOR,FW,Montpellier,Ligue 1,,none,81,warehouse_2023
2023_2024,Jimi Tauriainen,19.0,2004,ENG,FW,Chelsea,Premier League,681615,exact_name_birth_year,100,warehouse_2023
2023_2024,Marciano Tchami,19.0,2004,GNB,"FW,MF",Almería,Liga,,none,76,warehouse_2023
2023_2024,Norman Theuerkauf,36.0,1987,GER,"MF,DF",Heidenheim,Bundesliga,,none,56,warehouse_2023
2023_2024,Cheikh Tidiane Sabaly,24.0,1999,SEN,"FW,MF",Metz,Ligue 1,,none,76,warehouse_2023
2023_2024,Souleymane Touré,20.0,2003,FRA,DF,Lorient,Ligue 1,,none,65,warehouse_2023
2023_2024,Kostas Tsimikas,27.0,1996,GRE,DF,Liverpool,Premier League,,none,83,warehouse_2023
2023_2024,Manuel Ugarte Ribeiro,22.0,2001,URU,MF,Paris S-G,Ligue 1,,none,76,warehouse_2023
2023_2024,Lewis Warrington,20.0,2002,ENG,FW,Everton,Premier League,652979,exact_name_birth_year,100,warehouse_2023
2023_2024,Kjell-Arik Wätjen,17.0,2006,GER,"MF,FW",Dortmund,Bundesliga,,none,83,warehouse_2023
2023_2024,Ethan Wheatley,17.0,2006,ENG,FW,Manchester Utd,Premier League,888639,exact_name_birth_year,100,warehouse_2023
2023_2024,Joe White,20.0,2002,ENG,MF,Newcastle Utd,Premier League,614811,exact_name_birth_year,100,warehouse_2023
2023_2024,Antal Yaakobishvili,19.0,2004,HUN,DF,Girona,Liga,923915,exact_name_birth_year,100,warehouse_2023
2023_2024,Yehor Yarmoliuk,19.0,2004,UKR,MF,Brentford,Premier League,,none,87,warehouse_2023
2023_2024,Illia Zabarnyi,20.0,2002,UKR,DF,Bournemouth,Premier League,,none,89,warehouse_2023
2023_2024,Andre-Frank Zambo Anguissa,27.0,1995,CMR,MF,Napoli,Serie A,,none,70,warehouse_2023
2023_2024,Milan Đurić,33.0,1990,BIH,FW,Hellas Verona,Serie A,,none,70,warehouse_2023
2023_2024,Milan Đurić,33.0,1990,BIH,FW,Monza,Serie A,,none,70,warehouse_2023
2023_2024,Francisco Perez,20.0,2002,ESP,"MF,FW",Valencia,Liga,,none,80,warehouse_2023
2023_2024,Đorđe Petrović,23.0,1999,SRB,GK,Chelsea,Premier League,,none,79,warehouse_2023
2023_2024,Alejandro Pozo Pozo,24.0,1999,ESP,"DF,MF",Almería,Liga,,none,65,warehouse_2023
2023_2024,Raúl,22.0,2000,ESP,FW,Osasuna,Liga,,none,60,warehouse_2023
2023_2024,Alberto Risco,17.0,2005,ESP,MF,Getafe,Liga,1255616,exact_name_birth_year,100,warehouse_2023
2023_2024,Gorka Rivera Alonso,18.0,2004,ESP,DF,Getafe,Liga,,none,77,warehouse_2023
2023_2024,Rodri,23.0,2000,ESP,"FW,MF",Betis,Liga,,none,59,warehouse_2023
2023_2024,Óscar Rodríguez Arnaiz,25.0,1998,ESP,"MF,FW",Getafe,Liga,,none,81,warehouse_2023
2023_2024,Javier Rueda Garcia,21.0,2002,ESP,"MF,DF",Celta Vigo,Liga,,none,69,warehouse_2023
2023_2024,Fabián Ruiz Peña,27.0,1996,ESP,MF,Paris S-G,Ligue 1,,none,81,warehouse_2023
2023_2024,Salvi,32.0,1991,ESP,MF,Rayo Vallecano,Liga,,none,60,warehouse_2023
2023_2024,Jesús Santiago,19.0,2004,ESP,MF,Getafe,Liga,,none,77,warehouse_2023
2023_2024,Paco Sanz,18.0,2004,ESP,DF,Almería,Liga,1064116,exact_name_birth_year,100,warehouse_2023
2023_2024,Leo Skiri Østigård,23.0,1999,NOR,DF,Napoli,Serie A,,none,79,warehouse_2023
2023_2024,Łukasz Skorupski,32.0,1991,POL,GK,Bologna,Serie A,,none,58,warehouse_2023
2023_2024,Max Svensson,,,ESP,FW,Osasuna,Liga,,none,,warehouse_2023
2023_2024,Przemysław Szymiński,29.0,1994,POL,MF,Frosinone,Serie A,,none,85,warehouse_2023
2023_2024,José Luis García Vayá,24.0,1998,ESP,MF,Valencia,Liga,,none,63,warehouse_2023
2023_2024,Gabriel Veiga,21.0,2002,ESP,FW,Celta Vigo,Liga,906749,fuzzy_name_birth_year,96,warehouse_2023
2023_2024,Xeber,26.0,1997,ESP,"FW,MF",Alavés,Liga,,none,59,warehouse_2023
2023_2024,Marco Pellegrino,,,,DF,Salernitana,Serie A,,none,,warehouse_2023
2023_2024,Marco Pellegrino,,,,DF,Milan,Serie A,,none,,warehouse_2023
2023_2024,Elba Rashani,30.0,1993,KVX,"MF,FW",Clermont Foot,Ligue 1,,none,89,warehouse_2023
2024_2025,Rodrigo Abajas,21.0,2003,es ESP,DF,Valencia,La Liga,,none,78,players_data-2024_2025.csv
2024_2025,Keyliane Abdallah,18.0,2006,fr FRA,FW,Marseille,Ligue 1,1183719,exact_name_birth_year,100,players_data-2024_2025.csv
2024_2025,Abel,23.0,2000,es ESP,DF,Osasuna,La Liga,,none,67,players_data-2024_2025.csv
2024_2025,Adrián,37.0,1987,es ESP,GK,Betis,La Liga,,none,67,players_data-2024_2025.csv
2024_2025,Oladapo Afolayan,26.0,1998,eng ENG,"FW,MF",St. Pauli,Bundesliga,,none,56,players_data-2024_2025.csv
2024_2025,Lorenzo Aguado,21.0,2002,es ESP,DF,Real Madrid,La Liga,709997,exact_name_birth_year,100,players_data-2024_2025.csv
2024_2025,Honest Ahanor,16.0,2008,it ITA,"DF,MF",Genoa,Serie A,1077175,exact_name_birth_year,100,players_data-2024_2025.csv
2024_2025,Erik Ahlstrand,22.0,2001,se SWE,"FW,MF",St. Pauli,Bundesliga,501049,exact_name_birth_year,100,players_data-2024_2025.csv
2024_2025,Ayman Aiki,19.0,2005,fr FRA,"FW,MF",Saint-Étienne,Ligue 1,986261,exact_name_birth_year,100,players_data-2024_2025.csv
2024_2025,David Akpan Ankeye,22.0,2002,ng NGA,"FW,MF",Genoa,Serie A,,none,80,players_data-2024_2025.csv
2024_2025,Ben Alexander Voll,23.0,2000,de GER,GK,St. Pauli,Bundesliga,,none,71,players_data-2024_2025.csv
2024_2025,Alfon,25.0,1999,es ESP,"FW,MF",Celta Vigo,La Liga,,none,67,players_data-2024_2025.csv
2024_2025,Domingos André Ribeiro Almeida,24.0,2000,pt POR,"MF,FW",Valencia,La Liga,,none,60,players_data-2024_2025.csv
2024_2025,Olabade Aluko,,,,DF,Leicester City,Premier League,,none,,players_data-2024_2025.csv
2024_2025,Will Alves,19.0,2005,eng ENG,FW,Leicester City,Premier League,867711,exact_name_birth_year,100,players_data-2024_2025.csv
2024_2025,Amath,28.0,1996,sn SEN,"FW,DF",Valladolid,La Liga,,none,62,players_data-2024_2025.csv
2024_2025,Michael Amir Murillo,28.0,1996,pa PAN,DF,Marseille,Ligue 1,,none,75,players_data-2024_2025.csv
2024_2025,Mathis Amougou,18.0,2006,fr FRA,MF,Chelsea,Premier League,1010854,exact_name_birth_year,100,players_data-2024_2025.csv
2024_2025,Mathis Amougou,18.0,2006,fr FRA,MF,Saint-Étienne,Ligue 1,1010854,exact_name_birth_year,100,players_data-2024_2025.csv
2024_2025,Lorenzo Anghelè,19.0,2005,it ITA,FW,Juventus,Serie A,925848,exact_name_birth_year,100,players_data-2024_2025.csv
2024_2025,Faustino Anjorin,22.0,2001,eng ENG,MF,Empoli,Serie A,,none,86,players_data-2024_2025.csv
2024_2025,Leandro Antonetti,21.0,2003,pr PUR,FW,Sevilla,La Liga,892926,exact_name_birth_year,100,players_data-2024_2025.csv
2024_2025,Antoniu,21.0,2002,es ESP,"FW,MF",Espanyol,La Liga,,none,86,players_data-2024_2025.csv
2024_2025,José Arnaiz,29.0,1995,es ESP,"FW,MF",Osasuna,La Liga,,none,76,players_data-2024_2025.csv
2024_2025,Jann-Fiete Arp,24.0,2000,de GER,"FW,MF",Holstein Kiel,Bundesliga,,none,78,players_data-2024_2025.csv
2024_2025,Sergio Arribas,21.0,2003,es ESP,DF,Betis,La Liga,722351,exact_name_birth_year,100,players_data-2024_2025.csv
2024_2025,Raúl Asencio,21.0,2003,es ESP,DF,Real Madrid,La Liga,935245,exact_name_birth_year,100,players_data-2024_2025.csv
2024_2025,Dehmaine Assoumani,19.0,2005,fr FRA,"MF,FW",Nantes,Ligue 1,,none,55,players_data-2024_2025.csv
2024_2025,Valentin Atangana Edoa,18.0,2005,fr FRA,MF,Reims,Ligue 1,,none,87,players_data-2024_2025.csv
2024_2025,Yann Aurel Bisseck,23.0,2000,de GER,DF,Inter,Serie A,,none,80,players_data-2024_2025.csv
2024_2025,Ezequiel Ávila,30.0,1994,ar ARG,FW,Betis,La Liga,,none,69,players_data-2024_2025.csv
2024_2025,Jacopo Bacci,19.0,2005,it ITA,MF,Empoli,Serie A,960941,exact_name_birth_year,100,players_data-2024_2025.csv
2024_2025,Aliou Badara Baldé,21.0,2002,gn GUI,"MF,FW",Bochum,Bundesliga,,none,76,players_data-2024_2025.csv
2024_2025,Juma Bah,18.0,2006,sl SLE,DF,Valladolid,La Liga,1121298,exact_name_birth_year,100,players_data-2024_2025.csv
2024_2025,Juma Bah,18.0,2006,sl SLE,DF,Lens,Ligue 1,1121298,exact_name_birth_year,100,players_data-2024_2025.csv
2024_2025,Darryl Bakola,16.0,2007,fr FRA,"DF,MF",Marseille,Ligue 1,1170286,exact_name_birth_year,100,players_data-2024_2025.csv
2024_2025,Mohamed Bamba,19.0,2004,ci CIV,MF,Reims,Ligue 1,1178475,exact_name_birth_year,100,players_data-2024_2025.csv
2024_2025,Daniel Bandeira,24.0,2000,pt POR,MF,Hellas Verona,Serie A,,none,73,players_data-2024_2025.csv
2024_2025,Adrian Baquerin,17.0,2007,es ESP,FW,Valladolid,La Liga,,none,71,players_data-2024_2025.csv
2024_2025,Téo Barisic,19.0,2004,fr FRA,DF,Lyon,Ligue 1,979773,exact_name_birth_year,100,players_data-2024_2025.csv
2024_2025,Thierno Barry,21.0,2002,fr FRA,FW,Villarreal,La Liga,937941,exact_name_birth_year,100,players_data-2024_2025.csv
2024_2025,Rafael Bauza,19.0,2005,es ESP,MF,Espanyol,La Liga,1178721,fuzzy_name_birth_year,96,players_data-2024_2025.csv
2024_2025,Hannes Behrens,,,de GER,DF,Hoffenheim,Bundesliga,,none,,players_data-2024_2025.csv
2024_2025,Carlos Benavídez,26.0,1998,uy URU,MF,Alavés,La Liga,,none,64,players_data-2024_2025.csv
2024_2025,Marc Bernal,17.0,2007,es ESP,MF,Barcelona,La Liga,1018920,exact_name_birth_year,100,players_data-2024_2025.csv
2024_2025,Victor Bernth Kristiansen,21.0,2002,dk DEN,DF,Leicester City,Premier League,,none,87,players_data-2024_2025.csv
2024_2025,Jan-Niklas Beste,25.0,1999,de GER,"FW,MF",Freiburg,Bundesliga,,none,86,players_data-2024_2025.csv
2024_2025,Emmanuel Biumla,19.0,2005,fr FRA,DF,Angers,Ligue 1,1071956,exact_name_birth_year,100,players_data-2024_2025.csv
2024_2025,Mathéo Bodmer,20.0,2004,fr FRA,MF,Le Havre,Ligue 1,770438,exact_name_birth_year,100,players_data-2024_2025.csv
2024_2025,Adama Boiro,22.0,2002,es ESP,"DF,FW",Athletic Club,La Liga,710671,exact_name_birth_year,100,players_data-2024_2025.csv
2024_2025,Ange-Yoan Bonny,20.0,2003,fr FRA,FW,Parma,Serie A,827734,exact_name_birth_year,100,players_data-2024_2025.csv
2024_2025,Benjamin Bouchouari,22.0,2001,ma MAR,MF,Saint-Étienne,Ligue 1,783094,exact_name_birth_year,100,players_data-2024_2025.csv
2024_2025,Bilal Brahimi,24.0,2000,dz ALG,MF,Nice,Ligue 1,789094,exact_name_birth_year,100,players_data-2024_2025.csv
2024_2025,Gleison Bremer,27.0,1997,br BRA,DF,Juventus,Serie A,,none,73,players_data-2024_2025.csv
2024_2025,Ben Brereton,25.0,1999,cl CHI,FW,Southampton,Premier League,,none,83,players_data-2024_2025.csv
2024_2025,Emi Buendía,27.0,1996,ar ARG,"MF,FW",Aston Villa,Premier League,,none,81,players_data-2024_2025.csv
2024_2025,Emi Buendía,27.0,1996,ar ARG,MF,Leverkusen,Bundesliga,,none,81,players_data-2024_2025.csv
2024_2025,Endika Buján,21.0,2003,es ESP,FW,Athletic Club,La Liga,1120228,exact_name_birth_year,100,players_data-2024_2025.csv
2024_2025,Rareș-Cătălin Burnete,20.0,2004,ro ROU,FW,Lecce,Serie A,,none,76,players_data-2024_2025.csv
2024_2025,Pau Cabanes,19.0,2005,es ESP,"MF,FW",Villarreal,La Liga,1063553,exact_name_birth_year,100,players_data-2024_2025.csv
2024_2025,Pau Cabanes,19.0,2005,es ESP,"MF,FW",Alavés,La Liga,1063553,exact_name_birth_year,100,players_data-2024_2025.csv
2024_2025,Alessio Cacciamani,17.0,2007,it ITA,"MF,DF",Torino,Serie A,1188619,exact_name_birth_year,100,players_data-2024_2025.csv
2024_2025,Thomas Campaniello,16.0,2008,it ITA,FW,Empoli,Serie A,1058369,exact_name_birth_year,100,players_data-2024_2025.csv
2024_2025,Peio Canales,19.0,2005,es ESP,"MF,FW",Athletic Club,La Liga,1056966,exact_name_birth_year,100,players_data-2024_2025.csv
2024_2025,Gabin Capuano,18.0,2006,fr FRA,FW,Lens,Ligue 1,1179130,exact_name_birth_year,100,players_data-2024_2025.csv
2024_2025,Simon Cara,19.0,2005,fr FRA,"MF,FW",Montpellier,Ligue 1,1017912,exact_name_birth_year,100,players_data-2024_2025.csv
2024_2025,Tiago Cardoso,18.0,2006,lu LUX,GK,Gladbach,Bundesliga,,none,76,players_data-2024_2025.csv
2024_2025,José Carlos González,18.0,2006,es ESP,DF,Las Palmas,La Liga,,none,69,players_data-2024_2025.csv
2024_2025,Carmona,22.0,2002,es ESP,DF,Sevilla,La Liga,,none,67,players_data-2024_2025.csv
2024_2025,Valentín Castellanos,25.0,1998,ar ARG,FW,Lazio,Serie A,,none,78,players_data-2024_2025.csv
2024_2025,Catena,29.0,1994,es ESP,DF,Osasuna,La Liga,,none,60,players_data-2024_2025.csv
2024_2025,Enzo Caumont,20.0,2004,fr FRA,MF,Angers,Ligue 1,743522,exact_name_birth_year,100,players_data-2024_2025.csv
2024_2025,Abdoulie Ceesay,20.0,2004,gm GAM,FW,St. Pauli,Bundesliga,1280281,exact_name_birth_year,100,players_data-2024_2025.csv
2024_2025,Julian Chabot,26.0,1998,de GER,DF,Stuttgart,Bundesliga,,none,77,players_data-2024_2025.csv
2024_2025,Gabriel Charpentier,25.0,1999,cg CGO,FW,Parma,Serie A,660342,exact_name_birth_year,100,players_data-2024_2025.csv
2024_2025,Raúl Chasco,20.0,2003,es ESP,DF,Valladolid,La Liga,834486,exact_name_birth_year,100,players_data-2024_2025.csv
2024_2025,Chema,19.0,2005,es ESP,MF,Real Madrid,La Liga,,none,59,players_data-2024_2025.csv
2024_2025,Théo Chennahi,19.0,2005,fr FRA,DF,Montpellier,Ligue 1,1019950,exact_name_birth_year,100,players_data-2024_2025.csv
2024_2025,Julián Chicco,26.0,1998,ar ARG,"MF,DF",Leganés,La Liga,401583,exact_name_birth_year,100,players_data-2024_2025.csv
2024_2025,Alessandro Circati,20.0,2003,au AUS,DF,Parma,Serie A,867137,exact_name_birth_year,100,players_data-2024_2025.csv
2024_2025,Seydouba Cissé,23.0,2001,gn GUI,MF,Leganés,La Liga,543537,exact_name_birth_year,100,players_data-2024_2025.csv
2024_2025,Yoann Cissé,19.0,2004,fr FRA,MF,Auxerre,Ligue 1,918251,exact_name_birth_year,100,players_data-2024_2025.csv
2024_2025,Florinel Coman,26.0,1998,ro ROU,"FW,MF",Cagliari,Serie A,340982,exact_name_birth_year,100,players_data-2024_2025.csv
2024_2025,Tomás Conechny,26.0,1998,ar ARG,"FW,MF",Alavés,La Liga,401571,exact_name_birth_year,100,players_data-2024_2025.csv
2024_2025,Copete,24.0,1999,es ESP,DF,Mallorca,La Liga,,none,71,players_data-2024_2025.csv
2024_2025,Alberto costa,20.0,2003,pt POR,DF,Juventus,Serie A,877139,exact_name_birth_year,100,players_data-2024_2025.csv
2024_2025,David Costa,23.0,2001,pt POR,"MF,FW",Lens,Ligue 1,,none,88,players_data-2024_2025.csv
2024_2025,Marius Courcoul,17.0,2007,fr FRA,"MF,DF",Angers,Ligue 1,1075575,exact_name_birth_year,100,players_data-2024_2025.csv
2024_2025,Juan Cruz Armada,32.0,1992,es ESP,DF,Osasuna,La Liga,,none,72,players_data-2024_2025.csv
2024_2025,Cucho,25.0,1999,co COL,FW,Betis,La Liga,,none,67,players_data-2024_2025.csv
2024_2025,Samuel Dahl,24.0,2000,se SWE,"DF,MF",Roma,Serie A,,none,75,players_data-2024_2025.csv
2024_2025,Pape Daouda Diongue,,,sn SEN,"MF,FW",Strasbourg,Ligue 1,,none,,players_data-2024_2025.csv
2024_2025,Juan David Cabal,23.0,2001,co COL,DF,Juventus,Serie A,,none,77,players_data-2024_2025.csv
2024_2025,Leif Davis,24.0,2000,eng ENG,DF,Ipswich Town,Premier League,,none,67,players_data-2024_2025.csv
2024_2025,Amar Dedić,21.0,2002,ba BIH,DF,Marseille,Ligue 1,519184,exact_name_birth_year,100,players_data-2024_2025.csv
2024_2025,Enrico Del Prato,24.0,1999,it ITA,DF,Parma,Serie A,,none,73,players_data-2024_2025.csv
2024_2025,Diego,24.0,2000,es ESP,FW,Leganés,La Liga,,none,67,players_data-2024_2025.csv
2024_2025,Sérigné Diop,19.0,2005,sn SEN,FW,Brest,Ligue 1,,none,64,players_data-2024_2025.csv
2024_2025,Djené,32.0,1991,tg TOG,"DF,MF",Getafe,La Liga,,none,56,players_data-2024_2025.csv
2024_2025,Sergi Dominguez,19.0,2005,es ESP,DF,Barcelona,La Liga,741258,exact_name_birth_year,100,players_data-2024_2025.csv
2024_2025,Douglas,27.0,1997,br BRA,MF,Nantes,Ligue 1,,none,64,players_data-2024_2025.csv
2024_2025,Issa Doumbia,20.0,2003,it ITA,MF,Venezia,Serie A,924349,exact_name_birth_year,100,players_data-2024_2025.csv
2024_2025,Jáder Durán,20.0,2003,co COL,FW,Aston Villa,Premier League,,none,67,players_data-2024_2025.csv
2024_2025,Stefan Džodić,19.0,2005,rs SRB,"DF,MF",Montpellier,Ligue 1,854097,exact_name_birth_year,100,players_data-2024_2025.csv
2024_2025,Adam Dźwigała,28.0,1995,pl POL,"DF,MF",St. Pauli,Bundesliga,,none,85,players_data-2024_2025.csv
2024_2025,Claudio Echeverri,18.0,2006,ar ARG,FW,Manchester City,Premier League,994536,exact_name_birth_year,100,players_data-2024_2025.csv
2024_2025,Pierre Ekwah Elimby,22.0,2002,fr FRA,MF,Saint-Étienne,Ligue 1,,none,77,players_data-2024_2025.csv
2024_2025,Meschak Elia,26.0,1997,cd COD,FW,Nantes,Ligue 1,423678,fuzzy_name_birth_year,96,players_data-2024_2025.csv
2024_2025,Mikael Ellertsson,22.0,2002,is ISL,"DF,MF",Venezia,Serie A,,none,85,players_data-2024_2025.csv
2024_2025,Emanuel Emegha,21.0,2003,nl NED,FW,Strasbourg,Ligue 1,,none,69,players_data-2024_2025.csv
2024_2025,Emerson,25.0,1999,br BRA,DF,Milan,Serie A,687347,exact_name_birth_year,100,players_data-2024_2025.csv
2024_2025,Yunus Emre Konak,18.0,2006,tr TUR,"FW,MF",Brentford,Premier League,,none,81,players_data-2024_2025.csv
2024_2025,Endrick,18.0,2006,br BRA,FW,Real Madrid,La Liga,971570,exact_name_birth_year,100,players_data-2024_2025.csv
2024_2025,Estanis,20.0,2003,es ESP,FW,Bologna,Serie A,,none,64,players_data-2024_2025.csv
2024_2025,Karl Etta,20.0,2003,cm CMR,"MF,FW",Villarreal,La Liga,,none,75,players_data-2024_2025.csv
2024_2025,Jake Evans,,,,FW,Leicester City,Premier League,,none,,players_data-2024_2025.csv
2024_2025,Abdul Fatawu Issahaku,20.0,2004,gh GHA,FW,Leicester City,Premier League,,none,76,players_data-2024_2025.csv
2024_2025,Pelayo Fernandez,21.0,2003,es ESP,DF,Rayo Vallecano,La Liga,692208,exact_name_birth_year,100,players_data-2024_2025.csv
2024_2025,Roberto Férnandez,22.0,2002,es ESP,FW,Espanyol,La Liga,720518,exact_name_birth_year,100,players_data-2024_2025.csv
2024_2025,Mateo Flores,20.0,2004,es ESP,MF,Betis,La Liga,1061283,exact_name_birth_year,100,players_data-2024_2025.csv
2024_2025,Fran,19.0,2005,es ESP,GK,Real Madrid,La Liga,,none,75,players_data-2024_2025.csv
2024_2025,Alejandro Francés,21.0,2002,es ESP,DF,Girona,La Liga,632896,exact_name_birth_year,100,players_data-2024_2025.csv
2024_2025,Przemysław Frankowski,29.0,1995,pl POL,DF,Lens,Ligue 1,,none,86,players_data-2024_2025.csv
2024_2025,Darío Fuentes,21.0,2003,es ESP,DF,Sevilla,La Liga,,none,64,players_data-2024_2025.csv
2024_2025,Tommaso Gabellini,17.0,2006,it ITA,FW,Torino,Serie A,1040080,exact_name_birth_year,100,players_data-2024_2025.csv
2024_2025,Idrissa Gana Gueye,34.0,1989,sn SEN,MF,Everton,Premier League,,none,84,players_data-2024_2025.csv
2024_2025,Silvère Ganvoula M'Boussy,28.0,1996,cg CGO,FW,Monza,Serie A,,none,78,players_data-2024_2025.csv
2024_2025,Facundo Garcés,24.0,1999,my MAS,DF,Alavés,La Liga,533354,exact_name_birth_year,100,players_data-2024_2025.csv
2024_2025,Viggo Gebel,16.0,2007,de GER,MF,RB Leipzig,Bundesliga,1074526,exact_name_birth_year,100,players_data-2024_2025.csv
2024_2025,Toti Gomes,25.0,1999,pt POR,DF,Wolves,Premier League,,none,70,players_data-2024_2025.csv
2024_2025,Carlos Gómez,21.0,2002,co COL,"MF,DF",Rennes,Ligue 1,,none,77,players_data-2024_2025.csv
2024_2025,Tidiam Gomis,17.0,2006,fr FRA,"MF,FW",RB Leipzig,Bundesliga,955448,exact_name_birth_year,100,players_data-2024_2025.csv
2024_2025,Peter González,22.0,2002,do DOM,"MF,FW",Getafe,La Liga,,none,74,players_data-2024_2025.csv
2024_2025,Urko González,23.0,2001,es ESP,MF,Espanyol,La Liga,,none,81,players_data-2024_2025.csv
2024_2025,Urko González,23.0,2001,es ESP,MF,Real Sociedad,La Liga,,none,81,players_data-2024_2025.csv
2024_2025,Álex Grimaldo,28.0,1995,es ESP,DF,Leverkusen,Bundesliga,,none,77,players_data-2024_2025.csv
2024_2025,Albert Grønbaek,23.0,2001,dk DEN,"FW,MF",Southampton,Premier League,,none,83,players_data-2024_2025.csv
2024_2025,Albert Grønbaek,23.0,2001,dk DEN,"MF,FW",Rennes,Ligue 1,,none,83,players_data-2024_2025.csv
2024_2025,Bahereba Guirassy,17.0,2006,fr FRA,"FW,MF",Nantes,Ligue 1,,none,59,players_data-2024_2025.csv
2024_2025,Mohamed Haj,19.0,2005,tn TUN,MF,Parma,Serie A,,none,81,players_data-2024_2025.csv
2024_2025,Phil Harres,22.0,2002,de GER,FW,Holstein Kiel,Bundesliga,606119,exact_name_birth_year,100,players_data-2024_2025.csv
2024_2025,Henrique,30.0,1994,br BRA,DF,Valladolid,La Liga,,none,73,players_data-2024_2025.csv
2024_2025,Juan Herzog,21.0,2003,es ESP,DF,Las Palmas,La Liga,,none,64,players_data-2024_2025.csv
2024_2025,Roger Hinojo,19.0,2005,es ESP,DF,Espanyol,La Liga,1204959,exact_name_birth_year,100,players_data-2024_2025.csv
2024_2025,Dinko Horkaš,25.0,1999,hr CRO,GK,Las Palmas,La Liga,357770,exact_name_birth_year,100,players_data-2024_2025.csv
2024_2025,Pierre Højbjerg,28.0,1995,dk DEN,MF,Marseille,Ligue 1,,none,83,players_data-2024_2025.csv
2024_2025,Hafiz Ibrahim,18.0,2005,ng NGA,FW,Reims,Ligue 1,,none,84,players_data-2024_2025.csv
2024_2025,Iglesias,26.0,1998,es ESP,DF,Getafe,La Liga,,none,76,players_data-2024_2025.csv
2024_2025,Igor,26.0,1998,br BRA,DF,Brighton,Premier League,,none,57,players_data-2024_2025.csv
2024_2025,Andy Irving,24.0,2000,sct SCO,MF,West Ham,Premier League,,none,83,players_data-2024_2025.csv
2024_2025,Diego Iturralde,21.0,2003,es ESP,FW,Sevilla,La Liga,,none,64,players_data-2024_2025.csv
2024_2025,Ivan Jaime Pajuelo,23.0,2000,es ESP,MF,Valencia,La Liga,,none,71,players_data-2024_2025.csv
2024_2025,Karl Jakob Hein,22.0,2002,ee EST,GK,Valladolid,La Liga,,none,75,players_data-2024_2025.csv
2024_2025,Ali Jasim,20.0,2004,iq IRQ,"FW,DF",Como,Serie A,877672,exact_name_birth_year,100,players_data-2024_2025.csv
2024_2025,Malcolm Jeng,19.0,2005,se SWE,DF,Reims,Ligue 1,1126894,exact_name_birth_year,100,players_data-2024_2025.csv
2024_2025,Alejandro Jiménez,19.0,2005,es ESP,"DF,FW",Milan,Serie A,,none,79,players_data-2024_2025.csv
2024_2025,Kim Jisoo,19.0,2004,kr KOR,DF,Brentford,Premier League,,none,67,players_data-2024_2025.csv
2024_2025,John Joe,20.0,2003,ie IRL,"MF,FW",Getafe,La Liga,,none,64,players_data-2024_2025.csv
2024_2025,John Joe,20.0,2003,ie IRL,MF,Reims,Ligue 1,,none,64,players_data-2024_2025.csv
2024_2025,Jofre,23.0,2001,es ESP,"MF,FW",Espanyol,La Liga,,none,56,players_data-2024_2025.csv
2024_2025,Luiz Lúcio Reis Júnior,23.0,2001,br BRA,GK,Villarreal,La Liga,,none,67,players_data-2024_2025.csv
2024_2025,Hamed Junior Traorè,24.0,2000,ci CIV,MF,Auxerre,Ligue 1,,none,77,players_data-2024_2025.csv
2024_2025,Yaya Kader Fofana,20.0,2004,ml MLI,"MF,FW",Reims,Ligue 1,,none,79,players_data-2024_2025.csv
2024_2025,Justin-Noël Kalumba,19.0,2004,fr FRA,"FW,MF",Angers,Ligue 1,,none,85,players_data-2024_2025.csv
2024_2025,Andu Kelati,21.0,2002,de GER,"MF,DF",Holstein Kiel,Bundesliga,719694,exact_name_birth_year,100,players_data-2024_2025.csv
2024_2025,Kialonda,26.0,1997,ao ANG,DF,Lecce,Serie A,,none,62,players_data-2024_2025.csv
2024_2025,Kiké,34.0,1989,es ESP,FW,Alavés,La Liga,,none,53,players_data-2024_2025.csv
2024_2025,Max Kilman,27.0,1997,eng ENG,DF,West Ham,Premier League,,none,74,players_data-2024_2025.csv
2024_2025,Koka,31.0,1993,eg EGY,FW,Le Havre,Ligue 1,,none,62,players_data-2024_2025.csv
2024_2025,Ismael Konate,18.0,2006,ci CIV,"FW,MF",Empoli,Serie A,936745,exact_name_birth_year,100,players_data-2024_2025.csv
2024_2025,Emmanuel Koum Mbondo,18.0,2006,fr FRA,DF,Marseille,Ligue 1,,none,63,players_data-2024_2025.csv
2024_2025,Boubakar Kouyaté,27.0,1997,ml MLI,DF,Montpellier,Ligue 1,,none,71,players_data-2024_2025.csv
2024_2025,Mateusz Kowalski,19.0,2005,pl POL,MF,Parma,Serie A,902573,exact_name_birth_year,100,players_data-2024_2025.csv
2024_2025,Mohamed Lamine Bayo,26.0,1998,gn GUI,FW,Lille,Ligue 1,,none,77,players_data-2024_2025.csv
2024_2025,Will Lankshear,19.0,2005,eng ENG,"FW,MF",Tottenham,Premier League,879768,exact_name_birth_year,100,players_data-2024_2025.csv
2024_2025,Giovanni Leoni,17.0,2006,it ITA,DF,Parma,Serie A,1086619,exact_name_birth_year,100,players_data-2024_2025.csv
2024_2025,Esteban Lepaul,24.0,2000,fr FRA,FW,Angers,Ligue 1,461607,exact_name_birth_year,100,players_data-2024_2025.csv
2024_2025,Louis Leroux,18.0,2006,fr FRA,"MF,DF",Nantes,Ligue 1,1119456,exact_name_birth_year,100,players_data-2024_2025.csv
2024_2025,Mattia Liberali,17.0,2007,it ITA,MF,Milan,Serie A,988964,exact_name_birth_year,100,players_data-2024_2025.csv
2024_2025,Dailon Livramento,23.0,2001,cv CPV,"FW,MF",Hellas Verona,Serie A,676411,exact_name_birth_year,100,players_data-2024_2025.csv
2024_2025,Valentino Livramento,21.0,2002,eng ENG,DF,Newcastle Utd,Premier League,,none,86,players_data-2024_2025.csv
2024_2025,Fer López,,,,"FW,MF",Celta Vigo,La Liga,,none,,players_data-2024_2025.csv
2024_2025,José Luis Gayà,29.0,1995,es ESP,DF,Valencia,La Liga,,none,78,players_data-2024_2025.csv
2024_2025,Mathias Løvik,20.0,2003,no NOR,"DF,FW",Parma,Serie A,661212,exact_name_birth_year,100,players_data-2024_2025.csv
2024_2025,Gabriel Magalhães,26.0,1997,br BRA,DF,Arsenal,Premier League,,none,69,players_data-2024_2025.csv
2024_2025,Edmond-Paris Maghoma,23.0,2001,eng ENG,"MF,FW",Brentford,Premier League,,none,79,players_data-2024_2025.csv
2024_2025,Radosław Majecki,24.0,1999,pl POL,GK,Monaco,Ligue 1,,none,81,players_data-2024_2025.csv
2024_2025,Hamidou Makalou,18.0,2006,ml MLI,"FW,MF",Brest,Ligue 1,1200289,exact_name_birth_year,100,players_data-2024_2025.csv
2024_2025,Hianga Mananga Mbock,24.0,1999,fr FRA,MF,Brest,Ligue 1,,none,71,players_data-2024_2025.csv
2024_2025,Mateus Mane,,,,MF,Wolves,Premier League,,none,,players_data-2024_2025.csv
2024_2025,Ange Martial Tia,17.0,2006,ml MLI,"MF,DF",Reims,Ligue 1,,none,81,players_data-2024_2025.csv
2024_2025,Gerard Martín,22.0,2002,es ESP,DF,Barcelona,La Liga,705395,exact_name_birth_year,100,players_data-2024_2025.csv
2024_2025,Kevin Martins,19.0,2005,it ITA,"MF,DF",Monza,Serie A,724069,exact_name_birth_year,100,players_data-2024_2025.csv
2024_2025,Marvin,24.0,2000,es ESP,"DF,FW",Las Palmas,La Liga,,none,71,players_data-2024_2025.csv
2024_2025,Patrizio Masini,23.0,2001,it ITA,MF,Genoa,Serie A,459665,exact_name_birth_year,100,players_data-2024_2025.csv
2024_2025,Rudy Matondo,16.0,2008,fr FRA,MF,Auxerre,Ligue 1,1241211,exact_name_birth_year,100,players_data-2024_2025.csv
2024_2025,Keke Maximilian Topp,20.0,2004,de GER,"FW,MF",Werder Bremen,Bundesliga,,none,68,players_data-2024_2025.csv
2024_2025,Samuel Mbangula,20.0,2004,be BEL,FW,Juventus,Serie A,654991,exact_name_birth_year,100,players_data-2024_2025.csv
2024_2025,Oliver McBurnie,28.0,1996,sct SCO,FW,Las Palmas,La Liga,,none,89,players_data-2024_2025.csv
2024_2025,Mohamed Meité,16.0,2007,fr FRA,FW,Rennes,Ligue 1,,none,62,players_data-2024_2025.csv
2024_2025,Mateo Mejía,21.0,2003,es ESP,FW,Sevilla,La Liga,682588,exact_name_birth_year,100,players_data-2024_2025.csv
2024_2025,Connor Metcalfe,24.0,1999,au AUS,"MF,FW",St. Pauli,Bundesliga,522223,exact_name_birth_year,100,players_data-2024_2025.csv
2024_2025,Miguel,24.0,1999,es ESP,FW,Leganés,La Liga,,none,71,players_data-2024_2025.csv
2024_2025,Max Moerstedt,,,de GER,FW,Hoffenheim,Bundesliga,,none,,players_data-2024_2025.csv
2024_2025,Jeremy Monga,,,,"FW,MF",Leicester City,Premier League,,none,,players_data-2024_2025.csv
2024_2025,Mikey Moore,16.0,2007,eng ENG,FW,Tottenham,Premier League,1011147,exact_name_birth_year,100,players_data-2024_2025.csv
2024_2025,Daniel Mosquera,24.0,1999,co COL,FW,Hellas Verona,Serie A,651569,exact_name_birth_year,100,players_data-2024_2025.csv
2024_2025,Yael Mouanga,19.0,2005,fr FRA,DF,Montpellier,Ligue 1,970364,exact_name_birth_year,100,players_data-2024_2025.csv
2024_2025,Víctor Muñoz,21.0,2003,es ESP,"FW,DF",Real Madrid,La Liga,935231,exact_name_birth_year,100,players_data-2024_2025.csv
2024_2025,Joakim Mæhle,27.0,1997,dk DEN,DF,Wolfsburg,Bundesliga,,none,67,players_data-2024_2025.csv
2024_2025,Obite N'Dicka,24.0,1999,ci CIV,DF,Roma,Serie A,,none,62,players_data-2024_2025.csv
2024_2025,Loïc N'Gatta,20.0,2003,fr FRA,DF,Auxerre,Ligue 1,,none,83,players_data-2024_2025.csv
2024_2025,Nathan N'Goumou,24.0,2000,cm CMR,FW,Gladbach,Bundesliga,,none,67,players_data-2024_2025.csv
2024_2025,Michel Ndary Adopo,24.0,2000,fr FRA,MF,Cagliari,Serie A,,none,80,players_data-2024_2025.csv
2024_2025,Wilfried Ndollo,19.0,2005,cm CMR,DF,Montpellier,Ligue 1,,none,83,players_data-2024_2025.csv
2024_2025,Kosta Nedeljković,18.0,2005,rs SRB,DF,Aston Villa,Premier League,848682,exact_name_birth_year,100,players_data-2024_2025.csv
2024_2025,Kosta Nedeljković,18.0,2005,rs SRB,DF,RB Leipzig,Bundesliga,848682,exact_name_birth_year,100,players_data-2024_2025.csv
2024_2025,Mikayil Ngor Faye,20.0,2004,sn SEN,DF,Rennes,Ligue 1,,none,83,players_data-2024_2025.csv
2024_2025,Bernard Nguene,17.0,2006,cm CMR,FW,Nice,Ligue 1,1314671,exact_name_birth_year,100,players_data-2024_2025.csv
2024_2025,Abdoulaye Niakhate Ndiaye,22.0,2002,sn SEN,DF,Brest,Ligue 1,,none,78,players_data-2024_2025.csv
2024_2025,Oliver Nielsen,21.0,2003,dk DEN,DF,Lazio,Serie A,,none,77,players_data-2024_2025.csv
2024_2025,Eybi Nije,19.0,2005,se SWE,"FW,MF",Torino,Serie A,,none,55,players_data-2024_2025.csv
2024_2025,Brooke Norton-Cuffy,20.0,2004,eng ENG,"DF,FW",Genoa,Serie A,728733,exact_name_birth_year,100,players_data-2024_2025.csv
2024_2025,Plamedi Nsingi,23.0,2000,,MF,Nantes,Ligue 1,1027557,exact_name_birth_year,100,players_data-2024_2025.csv
2024_2025,Gustavo Nunes,18.0,2005,br BRA,"FW,MF",Brentford,Premier League,1086375,exact_name_birth_year,100,players_data-2024_2025.csv
2024_2025,Chidozie Obi-Martin,16.0,2007,dk DEN,FW,Manchester Utd,Premier League,,none,65,players_data-2024_2025.csv
2024_2025,Ifechukwu Ogbus,18.0,2005,ch SUI,DF,Freiburg,Bundesliga,,none,54,players_data-2024_2025.csv
2024_2025,Thiago Ojeda,21.0,2003,ar ARG,MF,Villarreal,La Liga,1030425,exact_name_birth_year,100,players_data-2024_2025.csv
2024_2025,Olasagasti,23.0,2000,es ESP,MF,Real Sociedad,La Liga,,none,67,players_data-2024_2025.csv
2024_2025,Finn Ole Becker,24.0,2000,de GER,MF,Hoffenheim,Bundesliga,,none,85,players_data-2024_2025.csv
2024_2025,Lucas Oliveira Rosa,24.0,2000,br BRA,DF,Valladolid,La Liga,,none,69,players_data-2024_2025.csv
2024_2025,Victor Orakpo,18.0,2006,ng NGA,FW,Nice,Ligue 1,1231401,exact_name_birth_year,100,players_data-2024_2025.csv
2024_2025,Ángel Ortíz,20.0,2004,es ESP,DF,Betis,La Liga,933908,exact_name_birth_year,100,players_data-2024_2025.csv
2024_2025,Gabriel Osei Misehouy,19.0,2005,nl NED,"FW,MF",Girona,La Liga,,none,86,players_data-2024_2025.csv
2024_2025,Jibril Othman,20.0,2004,tn TUN,FW,Saint-Étienne,Ligue 1,782632,exact_name_birth_year,100,players_data-2024_2025.csv
2024_2025,Guimissongui Ouattara,18.0,2005,fr FRA,"DF,FW",Strasbourg,Ligue 1,,none,56,players_data-2024_2025.csv
2024_2025,Assan Ouedraogo,18.0,2006,de GER,MF,RB Leipzig,Bundesliga,897424,exact_name_birth_year,100,players_data-2024_2025.csv
2024_2025,Cheick Oumar Conde,24.0,2000,gn GUI,MF,Venezia,Serie A,,none,80,players_data-2024_2025.csv
2024_2025,Isaac Palazón Camacho,29.0,1994,es ESP,"MF,FW",Rayo Vallecano,La Liga,,none,62,players_data-2024_2025.csv
2024_2025,Emerson Palmieri,29.0,1994,it ITA,DF,West Ham,Premier League,,none,65,players_data-2024_2025.csv
2024_2025,Álvaro Pascual,22.0,2002,es ESP,FW,Sevilla,La Liga,,none,80,players_data-2024_2025.csv
2024_2025,Nicolás Paz,19.0,2004,ar ARG,"MF,FW",Como,Serie A,,none,84,players_data-2024_2025.csv
2024_2025,Jordan Pefok,28.0,1996,us USA,FW,Reims,Ligue 1,,none,73,players_data-2024_2025.csv
2024_2025,Jordan Pefok,28.0,1996,us USA,FW,Union Berlin,Bundesliga,,none,73,players_data-2024_2025.csv
2024_2025,Mateo Pellegrino,23.0,2001,ar ARG,FW,Parma,Serie A,856530,exact_name_birth_year,100,players_data-2024_2025.csv
2024_2025,Faris Pemi Moumbagna,24.0,2000,cm CMR,FW,Marseille,Ligue 1,,none,86,players_data-2024_2025.csv
2024_2025,Peque,21.0,2002,es ESP,"MF,FW",Sevilla,La Liga,,none,55,players_data-2024_2025.csv
2024_2025,Sergiu Perciun,18.0,2006,md MDA,"FW,MF",Torino,Serie A,980632,exact_name_birth_year,100,players_data-2024_2025.csv
2024_2025,Francisco Perez,21.0,2002,es ESP,"FW,MF",Valencia,La Liga,,none,80,players_data-2024_2025.csv
2024_2025,Đorđe Petrović,24.0,1999,rs SRB,GK,Strasbourg,Ligue 1,,none,79,players_data-2024_2025.csv
2024_2025,Jaden Philogene Bidace,22.0,2002,eng ENG,"FW,MF",Aston Villa,Premier League,,none,81,players_data-2024_2025.csv
2024_2025,Jaden Philogene Bidace,22.0,2002,eng ENG,"FW,DF",Ipswich Town,Premier League,,none,81,players_data-2024_2025.csv
2024_2025,Pica,22.0,2002,es ESP,DF,Alavés,La Liga,,none,62,players_data-2024_2025.csv
2024_2025,Tom Pouilly,21.0,2003,fr FRA,"DF,MF",Lens,Ligue 1,917817,exact_name_birth_year,100,players_data-2024_2025.csv
2024_2025,Diego Pugno,18.0,2006,it ITA,FW,Juventus,Serie A,1049598,exact_name_birth_year,100,players_data-2024_2025.csv
2024_2025,Hákon Rafn Valdimarsson,22.0,2001,is ISL,GK,Brentford,Premier League,,none,88,players_data-2024_2025.csv
2024_2025,Grant Ranos,21.0,2003,am ARM,FW,Gladbach,Bundesliga,,none,81,players_data-2024_2025.csv
2024_2025,Raúl,23.0,2000,es ESP,"FW,MF",Osasuna,La Liga,,none,60,players_data-2024_2025.csv
2024_2025,Abderrahman Rebbach,25.0,1998,dz ALG,"FW,MF",Alavés,La Liga,,none,77,players_data-2024_2025.csv
2024_2025,Gio Reyna,21.0,2002,us USA,MF,Dortmund,Bundesliga,,none,78,players_data-2024_2025.csv
2024_2025,Alexsandro Ribeiro,24.0,1999,br BRA,DF,Lille,Ligue 1,,none,74,players_data-2024_2025.csv
2024_2025,Lars Ritzka,26.0,1998,de GER,"DF,MF",St. Pauli,Bundesliga,333903,exact_name_birth_year,100,players_data-2024_2025.csv
2024_2025,Gorka Rivera Alonso,19.0,2004,es ESP,"DF,MF",Getafe,La Liga,,none,77,players_data-2024_2025.csv
2024_2025,Rodri,24.0,2000,es ESP,FW,Betis,La Liga,,none,59,players_data-2024_2025.csv
2024_2025,Alejandro Rodriguez,16.0,2008,pt POR,MF,Lyon,Ligue 1,,none,86,players_data-2024_2025.csv
2024_2025,Óscar Rodríguez Arnaiz,26.0,1998,es ESP,"MF,FW",Leganés,La Liga,,none,81,players_data-2024_2025.csv
2024_2025,Daniel Rodriguez,18.0,2005,es ESP,FW,Barcelona,La Liga,834470,fuzzy_name_birth_year,93,players_data-2024_2025.csv
2024_2025,Jon Rowe,21.0,2003,eng ENG,"FW,MF",Marseille,Ligue 1,,none,76,players_data-2024_2025.csv
2024_2025,Fabián Ruiz Peña,28.0,1996,es ESP,MF,Paris S-G,Ligue 1,,none,81,players_data-2024_2025.csv
2024_2025,Frederik Rønnow,31.0,1992,dk DEN,GK,Union Berlin,Bundesliga,,none,87,players_data-2024_2025.csv
2024_2025,Elias Saad,24.0,1999,tn TUN,"FW,MF",St. Pauli,Bundesliga,526466,exact_name_birth_year,100,players_data-2024_2025.csv
2024_2025,Faik Sakar,16.0,2008,de GER,MF,RB Leipzig,Bundesliga,1132292,exact_name_birth_year,100,players_data-2024_2025.csv
2024_2025,Mama Samba Baldé,28.0,1995,gw GNB,FW,Lyon,Ligue 1,,none,77,players_data-2024_2025.csv
2024_2025,Mama Samba Baldé,28.0,1995,gw GNB,FW,Brest,Ligue 1,,none,77,players_data-2024_2025.csv
2024_2025,Chuky san jose,20.0,2004,es ESP,MF,Valladolid,La Liga,,none,58,players_data-2024_2025.csv
2024_2025,Maroan Sannadi,23.0,2001,ma MAR,FW,Athletic Club,La Liga,1054934,exact_name_birth_year,100,players_data-2024_2025.csv
2024_2025,Jesús Santiago,20.0,2004,es ESP,MF,Getafe,La Liga,,none,77,players_data-2024_2025.csv
2024_2025,Sávio,20.0,2004,br BRA,"FW,MF",Manchester City,Premier League,,none,83,players_data-2024_2025.csv
2024_2025,Hiroki Sekine,21.0,2002,jp JPN,DF,Reims,Ligue 1,1137808,exact_name_birth_year,100,players_data-2024_2025.csv
2024_2025,Sergi,32.0,1992,es ESP,DF,Leganés,La Liga,,none,67,players_data-2024_2025.csv
2024_2025,Nicolás Serrano,21.0,2003,es ESP,FW,Athletic Club,La Liga,,none,89,players_data-2024_2025.csv
2024_2025,Caio Henrique Oliveira Silva,27.0,1997,br BRA,DF,Monaco,Ligue 1,,none,63,players_data-2024_2025.csv
2024_2025,Jailson Siqueira,28.0,1995,br BRA,"DF,MF",Celta Vigo,La Liga,,none,67,players_data-2024_2025.csv
2024_2025,Ibrahim Sissoko,28.0,1995,ml MLI,FW,Saint-Étienne,Ligue 1,484888,exact_name_birth_year,100,players_data-2024_2025.csv
2024_2025,Niama Sissoko,18.0,2005,ml MLI,"FW,MF",Reims,Ligue 1,,none,72,players_data-2024_2025.csv
2024_2025,Leo Skiri Østigård,24.0,1999,no NOR,DF,Rennes,Ligue 1,,none,79,players_data-2024_2025.csv
2024_2025,Leo Skiri Østigård,24.0,1999,no NOR,DF,Hoffenheim,Bundesliga,,none,79,players_data-2024_2025.csv
2024_2025,Łukasz Skorupski,33.0,1991,pl POL,GK,Bologna,Serie A,,none,58,players_data-2024_2025.csv
2024_2025,Orri Steinn Óskarsson,19.0,2004,is ISL,FW,Real Sociedad,La Liga,,none,80,players_data-2024_2025.csv
2024_2025,Finley Stevens,21.0,2003,wls WAL,DF,St. Pauli,Bundesliga,,none,88,players_data-2024_2025.csv
2024_2025,Stoichkov,30.0,1993,es ESP,"MF,FW",Alavés,La Liga,271021,exact_name_birth_year,100,players_data-2024_2025.csv
2024_2025,Sammie Szmodics,28.0,1995,ie IRL,"FW,MF",Ipswich Town,Premier League,292139,exact_name_birth_year,100,players_data-2024_2025.csv
2024_2025,Musa Al-Taamari,27.0,1997,jo JOR,"FW,MF",Montpellier,Ligue 1,,none,81,players_data-2024_2025.csv
2024_2025,Musa Al-Taamari,27.0,1997,jo JOR,"FW,MF",Rennes,Ligue 1,,none,81,players_data-2024_2025.csv
2024_2025,Norman Theuerkauf,37.0,1987,de GER,MF,Heidenheim,Bundesliga,,none,56,players_data-2024_2025.csv
2024_2025,Thiago,23.0,2001,br BRA,"FW,MF",Brentford,Premier League,,none,75,players_data-2024_2025.csv
2024_2025,Cheikh Tidiane Niasse,24.0,2000,sn SEN,MF,Hellas Verona,Serie A,,none,76,players_data-2024_2025.csv
2024_2025,Souleymane Touré,21.0,2003,fr FRA,DF,Udinese,Serie A,,none,65,players_data-2024_2025.csv
2024_2025,Kostas Tsimikas,28.0,1996,gr GRE,DF,Liverpool,Premier League,,none,83,players_data-2024_2025.csv
2024_2025,Manuel Ugarte Ribeiro,23.0,2001,uy URU,MF,Manchester Utd,Premier League,,none,76,players_data-2024_2025.csv
2024_2025,José Luis García Vayá,25.0,1998,es ESP,MF,Valencia,La Liga,,none,63,players_data-2024_2025.csv
2024_2025,Lorenzo Venturino,18.0,2006,it ITA,"FW,MF",Genoa,Serie A,1061820,exact_name_birth_year,100,players_data-2024_2025.csv
2024_2025,Ben Viadere,18.0,2005,fr FRA,MF,Auxerre,Ligue 1,1048496,exact_name_birth_year,100,players_data-2024_2025.csv
2024_2025,Viti,26.0,1997,es ESP,DF,Las Palmas,La Liga,,none,75,players_data-2024_2025.csv
2024_2025,Kjell-Arik Wätjen,18.0,2006,de GER,MF,Dortmund,Bundesliga,,none,83,players_data-2024_2025.csv
2024_2025,Nathan Wood-Gordon,22.0,2002,eng ENG,DF,Southampton,Premier League,,none,76,players_data-2024_2025.csv
2024_2025,Daniel Yáñez,17.0,2007,es ESP,FW,Real Madrid,La Liga,962124,exact_name_birth_year,100,players_data-2024_2025.csv
2024_2025,Erencan Yardimci,22.0,2002,tr TUR,"FW,MF",Hoffenheim,Bundesliga,,none,77,players_data-2024_2025.csv
2024_2025,Yehor Yarmoliuk,20.0,2004,ua UKR,MF,Brentford,Premier League,,none,87,players_data-2024_2025.csv
2024_2025,Illia Zabarnyi,21.0,2002,ua UKR,DF,Bournemouth,Premier League,,none,89,players_data-2024_2025.csv
2024_2025,Eloge Zabi,17.0,2006,ci CIV,"DF,MF",Reims,Ligue 1,,none,60,players_data-2024_2025.csv
2024_2025,Andre-Frank Zambo Anguissa,28.0,1995,cm CMR,MF,Napoli,Serie A,,none,70,players_data-2024_2025.csv
2024_2025,Aristide Zossou,19.0,2005,ci CIV,MF,Auxerre,Ligue 1,1310513,exact_name_birth_year,100,players_data-2024_2025.csv
2024_2025,Yanis Zouaoui,30.0,1994,dz ALG,"DF,FW",Le Havre,Ligue 1,,none,57,players_data-2024_2025.csv
2024_2025,Milan Đurić,34.0,1990,ba BIH,FW,Monza,Serie A,,none,70,players_data-2024_2025.csv
2024_2025,Milan Đurić,34.0,1990,ba BIH,FW,Parma,Serie A,,none,70,players_data-2024_2025.csv
